id	name	origin	type	first_name	prefix	surname	birth_earliest	birth_latest	birth_place	death_earliest	death_latest	death_place	occupation	religion	image	wikidata
"bf42245c-bfa5-4c1c-baa3-f3b9a22c8798"	"Adrianus Barlandus"	"1"	"Person"	"Adrianus"		"Barlandus"	"1486-09-28"	"1486-09-28"	"20"	"1538-11-30"	"1538-11-30"	"11"	"historian; philosopher; philologist; university teacher"			"http://www.wikidata.org/entity/Q2067100"
"e596d6b3-cb64-47e3-abba-b1630fb830ef"	"Andreas Hoius"	"2"	"Person"	"Andreas"		"Hoius"	"1551-01-01"	"1551-12-31"	"32"	"1631-01-01"	"1631-12-31"					
"36607d71-1fa2-41af-b3ca-63887020b879"	"Aquila Cruso"	"3"	"Person"	"Aquila"		"Cruso"	"1595-01-01"	"1595-12-31"		"1660-01-01"	"1660-12-31"					
"e579ae48-403a-4047-a71b-c24132a93c96"	"Augustinians"	"4"	"Organization"													
"25139354-cd96-4e76-9da8-f935e934812b"	"Augustinians of Antwerpen"	"5"	"Organization"													"http://www.wikidata.org/entity/Q48526662"
"4b1b1ab3-6f5b-49be-b664-d3e88e275b04"	"Augustinians of Gent"	"6"	"Organization"													
"a64c520b-eff6-4ec2-8854-8d66e05e7eee"	"Augustus Alstenius Bloemertius"	"7"	"Person"	"Augustus Alstenius"		"Bloemertius"	"1585-01-01"	"1585-12-31"	"64"	"1659-11-04"	"1659-11-04"	"64"				
"cc1e1f45-94b5-42e4-86c0-13690c0f80d6"	"Aulus Gerardus Dalanthus"	"8"	"Person"	"Aulus Gerardus"		"Dalanthus"				"1577-01-01"	"1577-12-31"					
"a862c2b2-b4df-4d1b-9ac6-311f4ef035c9"	"Bernardinis Stephonius Sabinus"	"9"	"Person"	"Bernardinis Stephonius"		"Sabinus"										
"d1a52871-00e5-4f85-98b2-489f5da9ab49"	"Carolus Malapertius"	"10"	"Person"	"Carolus"		"Malapertius"	"1581-07-12"	"1581-07-12"	"46"	"1630-11-05"	"1630-11-05"	"30"	"astronomer; poet; mathematician"	"Catholicism"		"http://www.wikidata.org/entity/Q744091"
"a8f4267a-4228-4edf-acc7-f723f42083a0"	"Cornelius Schonaeus"	"11"	"Person"	"Cornelius"		"Schonaeus"	"1540-01-01"	"1541-12-31"	"49"	"1611-11-23"	"1611-11-23"	"64"	"playwright; writer"		"https://commons.wikimedia.org/wiki/File:Cornelius_Schon%C3%A4us.jpg"	"http://www.wikidata.org/entity/Q2707820"
"ed27b328-73d7-48fe-a68f-9b4d7cc4464c"	"Cornelius Crocus"	"12"	"Person"	"Cornelius"		"Crocus"	"1495-01-01"	"1505-12-31"	"77"	"1550-10-01"	"1550-10-01"	"48"	"playwright"			"http://www.wikidata.org/entity/Q55194213"
"7f0e2187-c125-4c55-9cab-2df8a7a16788"	"Cornelius Laurimanus"	"13"	"Person"	"Cornelius"		"Laurimanus"	"1515-01-01"	"1525-12-31"		"1573-01-01"	"1573-12-31"		"playwright"			"http://www.wikidata.org/entity/Q2341707"
"41a0fb6d-50c3-4e74-b319-fad5eeaf67bb"	"Daniel Heinsius"	"14"	"Person"	"Daniel"		"Heinsius"	"1580-06-09"	"1580-06-09"	"27"	"1655-02-25"	"1655-02-25"	"66"	"poet; librarian; writer; university teacher; classical scholar; philologist; playwright; translator; publisher"		"https://commons.wikimedia.org/wiki/File:Daniel_Heinsius_-_Imagines_philologorum.jpg"	"http://www.wikidata.org/entity/Q918731"
"da59827b-a998-4bd9-9831-ac47df06c9aa"	"Eligius Eucharius"	"15"	"Person"	"Eligius"		"Eucharius"	"1483-01-01"	"1493-12-31"		"1544-01-01"	"1544-12-31"					
"d40701fa-bc76-4a3e-82d1-af230fb191aa"	"Emmanuel Rodriguez"	"16"	"Person"	"Emmanuel"		"Rodriguez"										
"f0edb012-4002-48c6-a8ad-9a69e1618400"	"Emmanuel Lobb"	"17"	"Person"	"Emmanuel"		"Lobb"	"1594-01-01"	"1594-12-31"	"61"	"1671-07-24"	"1671-07-24"	"55"	"playwright"	"Catholicism"		"http://www.wikidata.org/entity/Q3810270"
"70c1f6ce-f7a8-464c-9943-24450190a234"	"Eusebius Candidus"	"18"	"Person"	"Eusebius"		"Candidus"										
"12a28655-3f1d-4abd-87a5-fe91df35b2fb"	"Fabricius Ruremundanus"	"19"	"Person"	"Fabricius"		"Ruremundanus"	"1495-01-01"	"1495-12-31"		"1560-01-01"	"1560-12-31"					
"1bca3168-8aa0-43bf-a249-5ba7bb5d1583"	"Franciscus Eutrachelus"	"20"	"Person"	"Franciscus"		"Eutrachelus"	"1539-01-01"	"1539-12-31"		"1616-01-01"	"1616-12-31"					
"97350925-7305-460b-8505-ae3a5babc320"	"Franciscus van den Enden"	"21"	"Person"	"Franciscus"	"van den"	"Enden"	"1602-02-09"	"1602-02-09"	"56"	"1674-11-24"	"1674-11-24"	"65"	"physician; poet; philosopher, writer; politician"			"http://www.wikidata.org/entity/Q596911"
"c56cb72d-1be7-4616-b4a3-f62af2ee29aa"	"Franciscus Noël"	"22"	"Person"	"Franciscus"		"Noël"	"1651-08-18"	"1651-08-18"	"40"	"1729-09-17"	"1729-09-17"	"37"	"father; writer; translator; theologian; cartographer"	"Catholicism"		"http://www.wikidata.org/entity/Q1451148"
"49666e0b-8ee7-4161-981c-15023a346828"	"Fredericus Piroüel"	"23"	"Person"	"Fredericus"		"Piroüel"				"1650-01-01"	"1650-12-31"					
"fc3525bb-d64c-490e-96c3-7ef467de0e43"	"Casparus Casparius"	"24"	"Person"	"Casparus"		"Casparius"	"1569-01-01"	"1569-12-31"		"1642-01-01"	"1652-12-31"		"mathematician"			"http://www.wikidata.org/entity/Q18945332"
"76539ca9-679b-492c-afc8-9080c788f1fe"	"Gregorius Holonius"	"25"	"Person"	"Gregorius"		"Holonius"	"1531-01-01"	"1531-12-31"		"1594-01-01"	"1594-12-31"					
"6d0a98de-ebf7-45d7-92ff-2d83000513fd"	"Guilielmus Druraeus"	"26"	"Person"	"Guilielmus"		"Druraeus"										
"b1a1a056-c320-4981-a533-00dda64e2281"	"Gulielmus Gazaeus"	"27"	"Person"	"Gulielmus"		"Gazaeus"				"1562-01-01"	"1562-12-31"					"http://www.wikidata.org/entity/Q59529698"
"ca32c55a-01a9-45c8-a2cf-8e0fbd4197b1"	"Guilliam Caudron Jr."	"28"	"Person"	"Guilliam"		"Caudron Jr."	"1607-01-01"	"1607-12-31"	"75"	"1692-01-01"	"1692-12-31"					
"6f7f96ba-7a81-4093-9b9f-451f33e0d640"	"Guilielmus Jennyn"	"29"	"Person"	"Guilielmus"		"Jennyn"	"1636-01-01"	"1636-12-31"		"1673-12-12"	"1673-12-12"					
"706dda0a-0c59-4192-835e-1f87dcb07866"	"Haarlemse rederijker"	"30"	"Person"													
"4b8601a9-d25b-4dfe-9bdb-5e9b81a7d185"	"Henricus Canisius"	"31"	"Person"	"Henricus"		"Canisius"	"1562-01-01"	"1562-12-31"	"74"	"1610-09-02"	"1610-09-02"	"35"	"jurist; university teacher"	"Catholicism"		"http://www.wikidata.org/entity/Q4212454"
"045ab6b3-8d3f-4735-844c-b79685b14e31"	"Hugo Grotius"	"32"	"Person"	"Hugo"		"Grotius"	"1583-04-10"	"1583-04-10"	"59"	"1645-08-28"	"1645-08-28"	"9"	"poet; laywright; jurist; politician; writer; diplomat; historian; philosopher; theologian; laywer; university teacher; ambassador"	"Arminianism"	"https://commons.wikimedia.org/wiki/File:Michiel_Jansz_van_Mierevelt_-_Hugo_Grotius.jpg"	"http://www.wikidata.org/entity/Q154959"
"f54fe889-1acf-4ac4-a72e-d2aed8c7af8d"	"Jacob Zevecotius"	"33"	"Person"	"Jacob"		"Zevecotius"	"1596-01-16"	"1596-01-16"	"27"	"1642-03-17"	"1642-03-17"	"12"				
"49c3943d-e59b-49ba-a2ef-30cab20c4c17"	"Jacobus Cornelius Lummenaeus a Marca"	"34"	"Person"	"Jacobus Cornelius"		"Lummenaeus a Marca"	"1575-01-01"	"1585-12-31"		"1623-01-01"	"1633-12-31"					
"c13848a8-72b2-45e6-8394-577dd1b8b338"	"Jacobus de Keghel"	"35"	"Person"	"Jacobus"	"de"	"Keghel"										
"58eae563-793b-4353-b357-3277ce01ccf1"	"Jacobus Libenius"	"36"	"Person"	"Jacobus"		"Libenius"	"1603-01-01"	"1603-12-31"	"56"	"1678-01-01"	"1678-12-31"					
"4d23d8cf-82ba-4c4e-842a-70dd363c32c6"	"Jacobus Zovitius"	"37"	"Person"	"Jacobus"		"Zovitius"	"1512-01-01"	"1512-12-31"	"17"				"writer"			"http://www.wikidata.org/entity/Q15876822"
"61896250-a42a-48c9-85a5-dc5e56a856c5"	"Jean-Baptiste Gramaye"	"38"	"Person"	"Jean-Baptiste"		"Gramaye"	"1580-01-01"	"1580-12-31"	"56"	"1635-01-01"	"1635-12-31"	"24"	"historian; university teacher; diplomat; canon; archdeacon"	"Catholicism"		"http://www.wikidata.org/entity/Q1922212"
"e934c964-656c-44b7-a275-c68c89579d19"	"Jesuits"	"39"	"Organization"													"http://www.wikidata.org/entity/Q36380"
"65061356-ff8e-4a18-a032-c8af57d7e566"	"Jesuits of Aalst"	"40"	"Organization"													
"b209e8b8-a394-4641-85a8-000f7cba257b"	"Jesuits of Antwerpen"	"41"	"Organization"													"http://www.wikidata.org/entity/Q48177345"
"a5876d51-0526-40fc-bfca-be81eff48209"	"Jesuits of Bailleul"	"42"	"Organization"													
"5f17d317-2a86-4a97-a029-25201084086f"	"Jesuits of Brugge"	"43"	"Organization"													
"1c83a0ac-f202-4ca4-b5e6-5f9268ac8b01"	"Jesuits of Brussel"	"45"	"Organization"													
"dd0f7167-cfcc-45bc-a490-168c870e7cc8"	"Jesuits of Cassel"	"46"	"Organization"													
"82dc3073-5846-4447-942c-11e5df43d084"	"Jesuits of Gent"	"47"	"Organization"													"http://www.wikidata.org/entity/Q47112139"
"8fe9e68b-d300-4f5c-90c8-8d6e59268381"	"Jesuits of Halle"	"48"	"Organization"													"http://www.wikidata.org/entity/Q49986360"
"837ee207-6d47-47b2-b9e4-0201463b9641"	"Jesuits of Hasselt"	"49"	"Organization"													
"0ca228a8-e69a-48a2-b4c0-302594597bfc"	"Jesuits of Ieper"	"50"	"Organization"													
"ca5fd90f-e287-4427-bca6-da43931f0e58"	"Jesuits of Kortrijk"	"51"	"Organization"													
"b1268bb8-cb05-4586-aafe-5ee3dfb2aed9"	"Jesuits of Maastricht"	"52"	"Organization"													
"80a194e9-b864-46eb-8347-88908ec82184"	"Jesuits of Mechelen"	"53"	"Organization"													"http://www.wikidata.org/entity/Q48185364"
"b3d65013-e8f0-4989-b4bf-a5a4515e1cb2"	"Jesuits of Roermond"	"54"	"Organization"													
"959b8280-f576-4291-a63d-41626c882515"	"Jesuits of Bergues"	"55"	"Organization"													
"5c4e20a4-d515-41a6-8d7c-b8852d6aedd5"	"Joannes Chrysostomus Loots"	"56"	"Person"	"Joannes Chrysostomus"		"Loots"	"1598-01-01"	"1598-12-31"		"1656-01-01"	"1656-12-31"					
"dd60f977-bb8b-4e84-ab54-1f271b4b585d"	"Joannes David"	"57"	"Person"	"Joannes"		"David"	"1545-01-01"	"1546-12-31"	"78"	"1613-08-09"	"1613-08-09"	"56"				
"504eae16-5759-4c87-88d9-085632764489"	"Joannes-Baptista Holvoet"	"58"	"Person"	"Joannes-Baptista"		"Holvoet"	"1691-01-01"	"1691-12-31"		"1766-01-01"	"1766-12-31"					
"ed24dd49-c188-4eb3-ab6e-60e82029cf0c"	"Johannes Groethuyse"	"59"	"Person"	"Johannes"		"Groethuyse"										
"cf575bac-a2b6-4adb-846e-e93df5afee97"	"Johannes Placentius"	"60"	"Person"	"Johannes"		"Placentius"	"1485-01-01"	"1500-12-31"	"2"	"1538-01-01"	"1549-12-31"	"11"	"religious; poet"	"Catholicism"		"http://www.wikidata.org/entity/Q1243416"
"e0253b47-ac3e-430c-b004-e11d08af5161"	"Joannes Surius"	"61"	"Person"	"Joannes"		"Surius"	"1554-01-01"	"1554-12-31"		"1626-01-01"	"1631-12-31"					
"278bd454-d356-4ae1-974f-48fbbff6260a"	"Johannes van Aelhuisen"	"62"	"Person"	"Johannes"	"van"	"Aelhuisen"	"1626-01-01"	"1626-12-31"	"4"	"1685-01-01"	"1685-12-31"	"4"				
"955d1a88-59b6-4762-a9b1-91d7736907b4"	"Johannes Heckius"	"63"	"Person"	"Johannes"		"Heckius"	"1579-02-02"	"1579-02-02"	"51"	"1620-01-01"	"1625-12-31"	"63"	"astronomer; mathematician; physician; physicist; naturalist;"			"http://www.wikidata.org/entity/Q1698718"
"941f230e-ba6e-45da-9d1d-704c84cbc326"	"Johannes Amos Comenius"	"64"	"Person"	"Johannes Amos"		"Comenius"	"1592-03-18"	"1592-03-18"	"44"	"1670-11-15"	"1670-11-15"	"77"	"writer; linguist; presbyter; theologian; pedagogue; philosopher; scientist; teacher; educator; dramaturge; head teacher; bishop"	"Unity of the Brethren"	"https://commons.wikimedia.org/wiki/File:Jan_Amos_Comenius_(Komensky)_(1592-1670)._Tsjechisch_humanist_en_pedagoog._Als_voorganger_van_de_Moravische_of_Boheemse_Broedergemeente_verdreven_en_sedert_1656_gevestigd_te_Amsterdam_Rijksmuseum_SK-A-2161.jpeg"	"http://www.wikidata.org/entity/Q12735"
"a4e19fe9-f405-4785-bcc4-829a0d279ead"	"Josephus Justus Scaliger"	"65"	"Person"	"Josephus Justus"		"Scaliger"	"1540-08-05"	"1540-08-05"	"43"	"1609-01-21"	"1609-01-21"	"66"	"historian; writer; archaeologist; professor; translator; university teacher; classical scholar; poet; numismatist; philologist"	"Calvinism"	"https://commons.wikimedia.org/wiki/File:Scaliger.jpg"	"http://www.wikidata.org/entity/Q315163"
"c7afd824-c9b9-4bbb-896f-4634fd0c148d"	"Juventus studiosa Leuven"	"66"	"Organization"													
"17e03b5c-3ab2-42fc-9a74-1b5e179cd035"	"Carmelites of Munsterbilsen"	"67"	"Organization"													
"709a0368-6c29-412a-875c-208b7a980d46"	"Lambertus Schenkelius"	"68"	"Person"	"Lambertus"		"Schenkelius"	"1547-03-07"	"1547-03-07"	"3"							
"cf824382-f46c-456e-8dff-d82243dcf5ec"	"Livinus Brechtus"	"69"	"Person"	"Livinus"		"Brechtus"	"1503-01-01"	"1515-12-31"		"1558-01-01"	"1558-12-31"					"http://www.wikidata.org/entity/Q55876001"
"6d2224e8-a3db-488a-9767-a847937ad2f0"	"Ludovicus Cellotius"	"70"	"Person"	"Ludovicus"		"Cellotius"	"1588-01-01"	"1588-12-31"	"50"	"1658-10-10"	"1658-10-10"		"theologian; poet"	"Catholicism"		"http://www.wikidata.org/entity/Q6686878"
"a6d818a0-4321-46ff-be7e-d9517d5c89a8"	"Georgius Macropedius"	"71"	"Person"	"Georgius"		"Macropedius"	"1487-04-23"	"1487-04-23"	"69"	"1558-07-20"	"1558-07-31"	"31"	"playwright"	"Catholicism"	"https://commons.wikimedia.org/wiki/File:Portret_van_Georgius_Macropedius_Georgivs_Macropedivs_(titel_op_object),_RP-P-1906-1493.jpg"	"http://www.wikidata.org/entity/Q710836"
"8a5ef2e2-b7ba-4f1d-a551-9e52c121b3d4"	"Martinus du Cygne"	"72"	"Person"	"Martinus"	"du"	"Cygne"	"1619-01-01"	"1619-12-31"		"1669-01-01"	"1669-12-31"					"http://www.wikidata.org/entity/Q21545079"
"91cb9ace-a507-4c13-aa59-63670ccddb0b"	"Johannes Molanus"	"73"	"Person"	"Johannes"		"Molanus"	"1510-01-01"	"1533-12-31"	"37"	"1585-09-18"	"1585-09-18"	"11"	"theologian; university teacher; Catholic priest"	"Catholicism"	"https://commons.wikimedia.org/wiki/File:123_9_molanus_pt.jpg"	"http://www.wikidata.org/entity/Q89381"
"c3e5caa7-6842-468d-81a5-bb49f86ad5ca"	"Nicasius Baxius"	"74"	"Person"	"Nicasius"		"Baxius"	"1581-11-01"	"1581-11-01"	"56"	"1640-01-01"	"1642-10-22"					
"644a5700-be1b-4de2-be9b-4302bb384833"	"Nicolaus Bartholomaeus"	"75"	"Person"	"Nicolaus"		"Bartholomaeus"										
"827df0a3-0475-4675-95ca-16fa1b2e21ef"	"Nicolaus Susius"	"76"	"Person"	"Nicolaus"		"Susius"				"1619-02-03"	"1619-02-03"					
"8db49d4e-7448-4cbe-b4e7-31a9e8a3627a"	"Nicolaus Vernulaeus"	"77"	"Person"	"Nicolaus"		"Vernulaeus"	"1583-04-10"	"1583-04-10"	"7"	"1649-01-06"	"1649-01-06"	"11"	"playwright; university teacher"			"http://www.wikidata.org/entity/Q2679753"
"a6cfdb30-bc35-40c9-89e7-36009cbdb9b5"	"Oliverius Reylof"	"78"	"Person"	"Oliverius"		"Reylof"										
"ac6fa732-b76f-4bd5-b032-ca74c07e58a3"	"Oratorians"	"79"	"Organization"													
"def4253a-16f7-4d53-ac9c-d0f51fb13e89"	"Oratorians of Mechelen"	"80"	"Organization"													
"a14a743f-382b-40df-8b37-148c02c63689"	"Oratorians of Ronse"	"81"	"Organization"													
"952fc602-3566-4b4a-916e-6eb6bbac821a"	"Jesuits of Paris"	"82"	"Organization"													
"97b6f415-755c-40cf-8f6d-52d836faf4e2"	"Petrus Cunaeus"	"83"	"Person"	"Petrus"		"Cunaeus"	"1586-01-01"	"1586-12-31"	"54"	"1638-12-02"	"1638-12-02"	"66"	"writer, historian; philosopher; theologian; university teacher; jurist; rector mangnificus of Leiden University"	"Protestantism"	"https://commons.wikimedia.org/wiki/File:Petrus-Cunaeus_1.jpg"	"http://www.wikidata.org/entity/Q24085"
"fff0a10e-f5aa-451c-a56a-577096d284cb"	"Petrus Ligneus"	"84"	"Person"	"Petrus"		"Ligneus"	"1515-01-01"	"1525-12-31"	"1"			"56"				
"9e818819-2249-423b-97bc-483793b61b78"	"Petrus Papeus"	"85"	"Person"	"Petrus"		"Papeus"							"teacher; playwright"			"http://www.wikidata.org/entity/Q55125268"
"a62e6ba3-5c50-46be-9de9-471d2a8f90c7"	"Petrus Nannius"	"86"	"Person"	"Petrus"		"Nannius"	"1496-01-01"	"1500-12-31"	"28"	"1557-07-31"	"1557-07-31"	"11"	"philologist; translator; writer; poet; university teacher; Renaissance humanist"		"https://commons.wikimedia.org/wiki/File:Pieter_Nanninck_(1500-1557).png"	"http://www.wikidata.org/entity/Q24952357"
"b702758e-f9bc-4777-9cb1-73d46487e02f"	"Remaclus Arduenna"	"87"	"Person"	"Remaclus"		"Arduenna"	"1480-01-01"	"1480-12-31"	"16"	"1524-01-01"	"1524-12-31"	"36"				
"f1ed4d42-5b30-4912-ac62-afe93363f85f"	"Rochus Honerdus"	"88"	"Person"	"Rochus"		"Honerdus"	"1572-03-13"	"1572-03-13"	"41"	"1638-01-30"	"1638-01-30"	"60"				"http://www.wikidata.org/entity/Q56006640"
"908f0d6c-57c5-4ac1-8e8f-8cc18bb39607"	"Theodorus Wallaeus"	"89"	"Person"	"Theodorus"		"Wallaeus"	"1573-10-01"	"1573-10-31"	"27"	"1635-01-01"	"1639-07-03"					
"9fc54ba9-5949-4794-bcc3-74c48ab79786"	"Guilielmus Gnapheus"	"90"	"Person"	"Guilielmus"		"Gnapheus"	"1493-01-01"	"1493-12-31"	"60"	"1568-09-29"	"1568-09-29"	"26"	"playwright; writer; teacher"	"Anabaptism"		"http://www.wikidata.org/entity/Q777548"
"461bb7d6-ffb7-4e70-a8dc-299a5c304ffa"	"Janus Anysius"	"91"	"Person"	"Janus"		"Anysius"	"1465-01-01"	"1472-12-31"		"1540-01-01"	"1541-12-31"					
"f26b388b-338b-47b2-9e93-23173f77c2de"	"Pierre Campson"	"92"	"Person"	"Pierre"		"Campson"	"1515-01-01"	"1515-12-31"	"70"	"1568-01-01"	"1568-12-31"	"67"				"http://www.wikidata.org/entity/Q27586440"
"fadf22b8-1bc5-41bf-8198-0024c8dcac5e"	"Andreas Catullius"	"93"	"Person"	"Andreas"		"Catullius"	"1581-01-01"	"1591-12-31"		"1667-09-27"	"1667-09-27"					
"57644da3-ced8-4a76-a183-1453e11632fc"	"Hadrianus Chilius"	"94"	"Person"	"Hadrianus"		"Chilius"				"1569-01-01"	"1569-12-31"					
"0a839e13-a3d6-4148-8cd9-02a9eb9dd2a9"	"Petrus Crullus"	"95"	"Person"	"Petrus"		"Crullus"	"1515-01-01"	"1525-12-31"		"1598-01-01"	"1598-12-31"					
"c5ecfb7c-308c-48f3-a5b6-b16218216869"	"Martinus Dorpius"	"96"	"Person"	"Martinus"		"Dorpius"	"1485-01-01"	"1485-12-31"	"15"	"1525-05-31"	"1525-05-31"	"11"	"theologian"	"Catholicism"	"https://commons.wikimedia.org/wiki/File:Martinus_Dorpius_(1485-1525).jpg"	"http://www.wikidata.org/entity/Q2050711"
"ac9ca359-dd34-45e8-aafc-d2e8a37348d8"	"Desiderius Erasmus"	"97"	"Person"	"Desiderius"		"Erasmus"	"1466-10-28"	"1469-10-28"	"5"	"1536-07-12"	"1536-07-12"	"33"	"translator; philosopher; theologian; teacher; essayist; Bible translator; writer; Lady Margaret's Professor of Divinity; latinist; priest; university teacher"	"Catholicism"	"https://commons.wikimedia.org/wiki/File:Holbein-erasmus.jpg"	"http://www.wikidata.org/entity/Q43499"
"f7eb9f22-048a-45ad-b592-94ea1a7476da"	"Theodorus Euroteles"	"98"	"Person"	"Theodorus"		"Euroteles"			"21"							
"eb1b4167-8ddd-4564-b769-e967f7e065fd"	"Bernardus Everardus"	"99"	"Person"	"Bernardus"		"Everardus"										
"2ffe7ea9-932e-4d23-b362-916a2c6c7018"	"Martinus Florentius"	"100"	"Person"	"Martinus"		"Florentius"	"1541-01-01"	"1541-12-31"	"77"	"1585-01-01"	"1585-12-31"	"53"				
"d266e37a-524a-43e5-ad36-6687e37626b7"	"Bernardus Heymbachius"	"101"	"Person"	"Bernardus"		"Heymbachius"	"1620-01-01"	"1629-12-31"	"25"	"1664-07-08"	"1664-07-08"	"11"				
"a461ab3d-4049-4517-a461-ecf31e643a4f"	"Johannes Heys"	"102"	"Person"	"Johannes"		"Heys"				"1665-01-01"	"1665-12-31"					
"56d5f155-83de-43e4-b1bf-a45316debf49"	"Lambertus Hortensius"	"103"	"Person"	"Lambertus"		"Hortensius"	"1500-01-01"	"1501-12-31"	"52"	"1571-01-01"	"1574-12-31"	"68"	"theologian; Renaissance humanist; historian; head teacher"	"Catholicism"	"https://commons.wikimedia.org/wiki/File:Lambertus_Hortensius.jpg"	"http://www.wikidata.org/entity/Q2267684"
"1ed6639a-2f3c-4936-a017-b17667bf441f"	"Libertus Houthemius"	"104"	"Person"	"Libertus"		"Houthemius"	"1533-01-01"	"1533-12-31"		"1584-01-01"	"1584-12-31"		"writer"			"http://www.wikidata.org/entity/Q23615643"
"e46c0600-942d-4e16-81a8-2cebde45ddb7"	"Michael Hoyerus"	"105"	"Person"	"Michael"		"Hoyerus"	"1593-01-01"	"1593-12-31"	"62"	"1650-06-14"	"1650-06-14"	"37"				
"0a803045-a1c5-40e7-866e-7ae53f3fd01d"	"Christophorus Stymmelius"	"106"	"Person"	"Christophorus"		"Stymmelius"	"1525-10-22"	"1525-10-22"	"23"	"1588-02-19"	"1588-02-19"	"47"	"theologian; writer"	"Lutheranism"		"http://www.wikidata.org/entity/Q1085953"
"494a0221-ef20-4b7b-a093-c9b5cff57659"	"Johannes Impens"	"107"	"Person"	"Johannes"		"Impens"			"11"	"1669-11-18"	"1669-11-18"	"69"				
"e896084a-e93b-4c40-9cba-a35edbfae117"	"Christianus Ischyrius"	"108"	"Person"	"Christianus"		"Ischyrius"			"72"							
"b236d23b-a774-4c58-96bb-8ec6f6746fde"	"Hermann Knuyt van Sluyterhoven"	"109"	"Person"	"Hermann"		"Knuyt van Sluyterhoven"										
"ff661c0e-5580-4985-b5fc-384340537fea"	"Arnoldus Madirus"	"110"	"Person"	"Arnoldus"		"Madirus"										
"17e81fe5-db39-4e7d-b494-2aa5a8a47d1d"	"Philippus Morus"	"111"	"Person"	"Philippus"		"Morus"	"1539-01-01"	"1539-12-31"		"1578-08-01"	"1578-08-31"					
"8635985b-8800-46c7-aed5-732de6233cad"	"Joannes Narssius"	"112"	"Person"	"Joannes"		"Narssius"	"1580-11-09"	"1580-11-09"	"41"	"1637-01-01"	"1639-12-31"	"8"				
"82ea7a56-a7de-4018-b038-7cba1a8ece62"	"Petrus Pontanus"	"113"	"Person"	"Petrus"		"Pontanus"	"1475-01-01"	"1480-12-31"	"32"			"50"	"writer; philologist"			
"3c4ea2af-ef0a-4923-b887-5fb7caa8947e"	"Georgius Ratallerus"	"114"	"Person"	"Georgius"		"Ratallerus"	"1521-01-01"	"1528-12-31"	"57"	"1581-10-06"	"1581-10-06"	"73"	"translator"			"http://www.wikidata.org/entity/Q1505699"
"4c6f805f-af1f-4fcf-b5c2-63c94adaba3c"	"Adrianus Roulerius"	"115"	"Person"	"Adrianus"		"Roulerius"				"1597-01-01"	"1597-12-31"					
"982e4f01-e672-4359-807b-1b19484d4e76"	"Panagius Salius"	"116"	"Person"	"Panagius"		"Salius"			"14"	"1595-01-28"	"1595-01-28"					
"946c9891-9a80-4435-b35a-e85ade843be8"	"Antonius Schorus"	"117"	"Person"	"Antonius"		"Schorus"	"1500-01-01"	"1525-12-31"	"18"	"1552-01-01"	"1552-12-31"	"13"				"http://www.wikidata.org/entity/Q21543510"
"8d206fbe-0bbe-442f-a100-99b222f740fb"	"Apollonius Scotius"	"118"	"Person"	"Apollonius"		"Scotius"	"1750-01-01"	"1755-12-31"	"39"	"1639-11-01"	"1639-11-01"	"60"	"Politician"			
"5e791d7b-ef1c-4691-b73c-9efde333c4c1"	"Renerus Snoyus"	"119"	"Person"	"Renerus"		"Snoyus"	"1477-01-01"	"1478-12-31"	"49"	"1537-08-01"	"1537-08-01"					
"0780cf24-dd6e-4c3c-8ca7-f904a2cc05fc"	"Franciscus Sylvius"	"120"	"Person"	"Franciscus"		"Sylvius"	"1581-01-01"	"1581-12-31"	"45"	"1649-02-22"	"1649-02-22"	"6"				"http://www.wikidata.org/entity/Q5482555"
"8c6eb854-decd-4852-b5e0-48c7c3a716b0"	"Petreius Tiara"	"121"	"Person"	"Petreius"		"Tiara"	"1514-07-15"	"1514-07-15"	"58"	"1586-02-08"	"1586-02-08"	"19"	"philologist; physician; university teacher; translator; rector magnificus of Leiden University"		"https://commons.wikimedia.org/wiki/File:Petreius_Tiara.jpg"	"http://www.wikidata.org/entity/Q1686957"
"f38c1540-4e88-48b7-b86e-b287bcaf854d"	"Antonius Vaes"	"122"	"Person"	"Antonius"		"Vaes"										
"4987b576-2461-4211-b08a-c3fb1f2c7865"	"Jacobus Vivarius"	"123"	"Person"	"Jacobus"		"Vivarius"			"34"	"1592-01-01"	"1602-12-31"					"http://www.wikidata.org/entity/Q21204421"
"3bb6898d-94cf-48ae-82f0-57881de034a1"	"Petrus Vladeraccus"	"124"	"Person"	"Petrus"		"Vladeraccus"	"1571-01-01"	"1571-12-31"	"3"	"1618-01-06"	"1618-01-06"	"22"	"Catholic priest"	"Catholicism"		"http://www.wikidata.org/entity/Q1881114"
"94812e07-78e6-4505-b799-f46ce8ca9a00"	"Alexander Donatus"	"125"	"Person"	"Alexander"		"Donatus"	"1548-01-01"	"1548-12-31"	"76"	"1640-01-01"	"1640-12-31"					"http://www.wikidata.org/entity/Q20203291"
"64c89a9f-c0a8-4dd9-99df-1dd795dcbc80"	"Henricus Osterharius"	"126"	"Person"	"Henricus"		"Osterharius"										
"304d665e-6cb2-4249-a157-92770652501b"	"Henricus Zwaerdecroon"	"127"	"Person"	"Henricus"		"Zwaerdecroon"	"1594-01-01"	"1594-12-31"	"66"	"1665-03-22"	"1665-03-22"	"5"				
"56efab22-dc37-4d5e-853b-9f4d84c35f7e"	"Jesuits of Lille"	"128"	"Organization"													
"03d9b3d3-4a0c-47d7-9bad-db9759f9a1a8"	"Jesuits of Oudenaarde"	"129"	"Organization"													
"f65a18f7-6cbe-4aa6-b365-ddec7b92daab"	"Joannes Franciscus Quintianus Stoa"	"130"	"Person"	"Joannes Franciscus"		"Quintianus Stoa"	"1484-01-01"	"1484-12-31"	"38"	"1557-10-07"	"1557-10-07"	"38"				
"46b433b4-076c-475d-aee3-2ca12fca6185"	"Joannes Reuchlin"	"131"	"Person"	"Joannes"		"Reuchlin"	"1455-01-29"	"1455-01-29"	"10"	"1522-06-30"	"1522-06-30"	"42"				"http://www.wikidata.org/entity/Q61067"
"313dafca-6d7f-48fe-955d-45f3812302e8"	"Friars Minor of Tielt"	"132"	"Organization"													
"d23a47dd-7459-4088-bdf3-90ba67435dd6"	"Augustinians of Brugge"	"133"	"Organization"													
"0281db76-585b-4848-8e18-cc75dffbd23d"	"Augustinians of Dendermonde"	"134"	"Organization"													
"9fdac373-38a6-4eb1-bcac-73f427876bba"	"Josephus Simonis"	"135"	"Person"													
"2888948b-8614-41d2-b453-425c7eb30c5b"	"Augustinians of Ieper"	"136"	"Organization"													
"be09d770-1240-4cec-948b-52358b62087c"	"Augustinians of Leuven"	"137"	"Organization"													
"ce562082-c4ee-472f-a16c-9f8e2dacc518"	"Guilliam Caudron Sr."	"138"	"Person"	"Guilliam"		"Caudron Sr."	"1584-01-01"	"1584-12-31"		"1639-01-01"	"1639-12-31"					
"182eadbb-6359-44c3-b68b-4bf69844fdd7"	"Jesuits of Armentières"	"139"	"Organization"													
"518c6efb-6333-4c68-b22a-c8f36ca44271"	"Jesuits of Dunkerque"	"140"	"Organization"													
"73fd54b3-7172-4346-8f05-3597832f7dca"	"Jesuits of Leuven"	"141"	"Organization"													
"65903253-19ad-4179-9c9c-efc0202c39ef"	"Jesuits of Menin"	"142"	"Organization"													
"87220f86-6232-468f-8a42-f2203fdc97f6"	"Jesuits of Mons"	"143"	"Organization"													
"17c063c5-f4cd-4c09-83a6-0bb0b2bd9c19"	"Jesuits of Namur"	"144"	"Organization"													
"448238c7-bec6-4506-b8f0-d0c58cf43f9e"	"Jesuits of Oostende"	"145"	"Organization"													
"8227d7c6-74d0-49a4-b2a2-7ef92101a635"	"Jesuits of Tournai"	"146"	"Organization"													
"e9cfc496-4e69-4a2f-b3e3-5b0ca7544d15"	"Jesuits of Valenciennes"	"147"	"Organization"													
"a7f3a49e-5cba-469a-9846-40e702ee9a4c"	"Nicolaes Geeraerdts"	"148"	"Person"	"Nicolaes"		"Geeraerdts"										
"32ae9282-1710-42e1-b8dd-20ec50690460"	"Jesuits of Béthune"	"44"	"Organization"													
"4f856def-1ceb-477f-9596-3fab52c18604"	"Jesuits of Saint-Omer"	"149"	"Organization"													
