author_id	viaf
"bf42245c-bfa5-4c1c-baa3-f3b9a22c8798"	"http://viaf.org/viaf/19701114"
"e596d6b3-cb64-47e3-abba-b1630fb830ef"	"http://viaf.org/viaf/12649466"
"36607d71-1fa2-41af-b3ca-63887020b879"	"http://viaf.org/viaf/5681148997648659870002"
"a64c520b-eff6-4ec2-8854-8d66e05e7eee"	"http://viaf.org/viaf/220560966"
"cc1e1f45-94b5-42e4-86c0-13690c0f80d6"	"http://viaf.org/viaf/69743382"
"a862c2b2-b4df-4d1b-9ac6-311f4ef035c9"	"http://viaf.org/viaf/99332018"
"d1a52871-00e5-4f85-98b2-489f5da9ab49"	"http://viaf.org/viaf/89295135"
"a8f4267a-4228-4edf-acc7-f723f42083a0"	"http://viaf.org/viaf/9991678"
"ed27b328-73d7-48fe-a68f-9b4d7cc4464c"	"http://viaf.org/viaf/8306045"
"7f0e2187-c125-4c55-9cab-2df8a7a16788"	"http://viaf.org/viaf/47103933"
"41a0fb6d-50c3-4e74-b319-fad5eeaf67bb"	"http://viaf.org/viaf/56635500"
"da59827b-a998-4bd9-9831-ac47df06c9aa"	"http://viaf.org/viaf/22956806"
"f0edb012-4002-48c6-a8ad-9a69e1618400"	"http://viaf.org/viaf/69799707"
"70c1f6ce-f7a8-464c-9943-24450190a234"	"http://viaf.org/viaf/37730253"
"12a28655-3f1d-4abd-87a5-fe91df35b2fb"	"http://viaf.org/viaf/122211457"
"1bca3168-8aa0-43bf-a249-5ba7bb5d1583"	"http://viaf.org/viaf/45131034"
"97350925-7305-460b-8505-ae3a5babc320"	"http://viaf.org/viaf/61624240"
"c56cb72d-1be7-4616-b4a3-f62af2ee29aa"	"http://viaf.org/viaf/49566217"
"49666e0b-8ee7-4161-981c-15023a346828"	"http://viaf.org/viaf/265146331933218692082"
"fc3525bb-d64c-490e-96c3-7ef467de0e43"	"http://viaf.org/viaf/100217037"
"76539ca9-679b-492c-afc8-9080c788f1fe"	"http://viaf.org/viaf/52505116"
"6d0a98de-ebf7-45d7-92ff-2d83000513fd"	"http://viaf.org/viaf/314871309"
"b1a1a056-c320-4981-a533-00dda64e2281"	"http://viaf.org/viaf/34786650"
"ca32c55a-01a9-45c8-a2cf-8e0fbd4197b1"	"http://viaf.org/viaf/280998266"
"4b8601a9-d25b-4dfe-9bdb-5e9b81a7d185"	"http://viaf.org/viaf/120726862"
"045ab6b3-8d3f-4735-844c-b79685b14e31"	"http://viaf.org/viaf/32005141"
"f54fe889-1acf-4ac4-a72e-d2aed8c7af8d"	"http://viaf.org/viaf/9829017"
"49c3943d-e59b-49ba-a2ef-30cab20c4c17"	"http://viaf.org/viaf/1396152636173620052837"
"c13848a8-72b2-45e6-8394-577dd1b8b338"	"http://viaf.org/viaf/37772321"
"58eae563-793b-4353-b357-3277ce01ccf1"	"http://viaf.org/viaf/80604715"
"4d23d8cf-82ba-4c4e-842a-70dd363c32c6"	"http://viaf.org/viaf/296546670"
"61896250-a42a-48c9-85a5-dc5e56a856c5"	"http://viaf.org/viaf/19824580"
"5c4e20a4-d515-41a6-8d7c-b8852d6aedd5"	"http://viaf.org/viaf/290494241"
"dd60f977-bb8b-4e84-ab54-1f271b4b585d"	"http://viaf.org/viaf/66522352"
"504eae16-5759-4c87-88d9-085632764489"	"http://viaf.org/viaf/285342742"
"cf575bac-a2b6-4adb-846e-e93df5afee97"	"http://viaf.org/viaf/289132217"
"cf575bac-a2b6-4adb-846e-e93df5afee97"	"http://viaf.org/viaf/84588010"
"e0253b47-ac3e-430c-b004-e11d08af5161"	"http://viaf.org/viaf/374159474198227661349"
"278bd454-d356-4ae1-974f-48fbbff6260a"	"http://viaf.org/viaf/14779431"
"955d1a88-59b6-4762-a9b1-91d7736907b4"	"http://viaf.org/viaf/95454935"
"941f230e-ba6e-45da-9d1d-704c84cbc326"	"http://viaf.org/viaf/29835535"
"a4e19fe9-f405-4785-bcc4-829a0d279ead"	"http://viaf.org/viaf/29540435"
"709a0368-6c29-412a-875c-208b7a980d46"	"http://viaf.org/viaf/1498149296307880670003"
"cf824382-f46c-456e-8dff-d82243dcf5ec"	"http://viaf.org/viaf/30350250"
"6d2224e8-a3db-488a-9767-a847937ad2f0"	"http://viaf.org/viaf/77389516"
"a6d818a0-4321-46ff-be7e-d9517d5c89a8"	"http://viaf.org/viaf/69053873"
"8a5ef2e2-b7ba-4f1d-a551-9e52c121b3d4"	"http://viaf.org/viaf/20743786"
"91cb9ace-a507-4c13-aa59-63670ccddb0b"	"http://viaf.org/viaf/34600990"
"c3e5caa7-6842-468d-81a5-bb49f86ad5ca"	"http://viaf.org/viaf/118144648469666540686"
"644a5700-be1b-4de2-be9b-4302bb384833"	"http://viaf.org/viaf/281779527"
"827df0a3-0475-4675-95ca-16fa1b2e21ef"	"http://viaf.org/viaf/316408261"
"8db49d4e-7448-4cbe-b4e7-31a9e8a3627a"	"http://viaf.org/viaf/29588189"
"a6cfdb30-bc35-40c9-89e7-36009cbdb9b5"	"http://viaf.org/viaf/282131459"
"97b6f415-755c-40cf-8f6d-52d836faf4e2"	"http://viaf.org/viaf/76551781"
"fff0a10e-f5aa-451c-a56a-577096d284cb"	"http://viaf.org/viaf/16157701705444221738"
"9e818819-2249-423b-97bc-483793b61b78"	"http://viaf.org/viaf/289269306"
"a62e6ba3-5c50-46be-9de9-471d2a8f90c7"	"http://viaf.org/viaf/49234456"
"b702758e-f9bc-4777-9cb1-73d46487e02f"	"http://viaf.org/viaf/18036550"
"f1ed4d42-5b30-4912-ac62-afe93363f85f"	"http://viaf.org/viaf/36828811"
"908f0d6c-57c5-4ac1-8e8f-8cc18bb39607"	"http://viaf.org/viaf/46298127"
"9fc54ba9-5949-4794-bcc3-74c48ab79786"	"http://viaf.org/viaf/37073404"
"461bb7d6-ffb7-4e70-a8dc-299a5c304ffa"	"http://viaf.org/viaf/289347695"
"f26b388b-338b-47b2-9e93-23173f77c2de"	"http://viaf.org/viaf/216021587"
"fadf22b8-1bc5-41bf-8198-0024c8dcac5e"	"http://viaf.org/viaf/56152636061520050542"
"0a839e13-a3d6-4148-8cd9-02a9eb9dd2a9"	"http://viaf.org/viaf/283594521"
"c5ecfb7c-308c-48f3-a5b6-b16218216869"	"http://viaf.org/viaf/17233237"
"ac9ca359-dd34-45e8-aafc-d2e8a37348d8"	"http://viaf.org/viaf/87673996"
"d266e37a-524a-43e5-ad36-6687e37626b7"	"http://viaf.org/viaf/309702917"
"56d5f155-83de-43e4-b1bf-a45316debf49"	"http://viaf.org/viaf/18163012"
"e46c0600-942d-4e16-81a8-2cebde45ddb7"	"http://viaf.org/viaf/47703511"
"0a803045-a1c5-40e7-866e-7ae53f3fd01d"	"http://viaf.org/viaf/282221572"
"494a0221-ef20-4b7b-a093-c9b5cff57659"	"http://viaf.org/viaf/284037588"
"e896084a-e93b-4c40-9cba-a35edbfae117"	"http://viaf.org/viaf/40464368"
"17e81fe5-db39-4e7d-b494-2aa5a8a47d1d"	"http://viaf.org/viaf/231662627"
"17e81fe5-db39-4e7d-b494-2aa5a8a47d1d"	"http://viaf.org/viaf/1048144"
"8635985b-8800-46c7-aed5-732de6233cad"	"http://viaf.org/viaf/1048144"
"82ea7a56-a7de-4018-b038-7cba1a8ece62"	"http://viaf.org/viaf/292827989"
"3c4ea2af-ef0a-4923-b887-5fb7caa8947e"	"http://viaf.org/viaf/247349160"
"4c6f805f-af1f-4fcf-b5c2-63c94adaba3c"	"http://viaf.org/viaf/7814388"
"982e4f01-e672-4359-807b-1b19484d4e76"	"http://viaf.org/viaf/1471161211647840070008"
"946c9891-9a80-4435-b35a-e85ade843be8"	"http://viaf.org/viaf/19633454"
"8d206fbe-0bbe-442f-a100-99b222f740fb"	"http://viaf.org/viaf/280443193"
"5e791d7b-ef1c-4691-b73c-9efde333c4c1"	"http://viaf.org/viaf/7421281"
"0780cf24-dd6e-4c3c-8ca7-f904a2cc05fc"	"http://viaf.org/viaf/64000104"
"8c6eb854-decd-4852-b5e0-48c7c3a716b0"	"http://viaf.org/viaf/181152636162120052401"
"4987b576-2461-4211-b08a-c3fb1f2c7865"	"http://viaf.org/viaf/32347652"
"3bb6898d-94cf-48ae-82f0-57881de034a1"	"http://viaf.org/viaf/69756646"
"94812e07-78e6-4505-b799-f46ce8ca9a00"	"http://viaf.org/viaf/29870868"
"64c89a9f-c0a8-4dd9-99df-1dd795dcbc80"	"http://viaf.org/viaf/286532073"
"304d665e-6cb2-4249-a157-92770652501b"	"http://viaf.org/viaf/30434386"
"f65a18f7-6cbe-4aa6-b365-ddec7b92daab"	"http://viaf.org/viaf/15711702"
"46b433b4-076c-475d-aee3-2ca12fca6185"	"http://viaf.org/viaf/66542815"
