id	name	widow_heirs	first_name	patronym	prefix	addition	surname	cerl_link
"e00a6143-9929-474e-9630-d9ba51e172d5"	"Hendrick Aertssens"		"Hendrick"				"Aertssens"	
"32f4d011-6180-4c62-91b6-1fad30179516"	"Huybrecht Anthoon Velpius (II)"		"Huybrecht"			"(II)"	"Anthoon Velpius"	"https://data.cerl.org/thesaurus/cni00035639"
"7c7c627b-1c6d-4d19-ac0b-5b5bd519bbec"	"Hubertus Antonius Velpius (I)"		"Hubertus Antonius"			"(I)"	"Velpius"	"https://data.cerl.org/thesaurus/cni00096447"
"01309baa-ae89-4a90-a278-a29f137d4218"	"J. de Ayala"		"J."		"de"		"Ayala"	
"f19196c2-2316-4858-87e2-6be5155d47dd"	"Antheunes de Backer"		"Antheunes"		"de"		"Backer"	
"d836e960-0959-4f5a-9857-b96a01327a27"	"George de Backer"		"George"		"de"		"Backer"	
"a02d2742-b5a9-4db2-913a-e681bb790ca5"	"Thomas Basson"		"Thomas"				"Basson"	
"f387da7b-8f1c-4e37-9d12-c194ae039dcb"	"Jacobus Beernaerts"		"Jacobus"				"Beernaerts"	
"8bf7ab05-04b3-4483-8ca9-3b6261f854f5"	"Joannes Beernaerts"		"Joannes"				"Beernaerts"	
"15cee51c-5614-4c1c-9ed4-c2bce4305fb1"	"François Bellet"		"François"				"Bellet"	
"300d587a-8354-462c-b69b-dadde0b590fa"	"Jan Bellet"		"Jan"				"Bellet"	
"8840c997-0d5d-4fca-a74d-a5737aeb9e27"	"Joannes Caspar Bencard"		"Joannes Caspar"				"Bencard"	"https://data.cerl.org/thesaurus/cni00074223"
"8c92664d-1fca-43ed-8933-a74074a2aac6"	"Arnoldus Benier"		"Arnoldus"				"Benier"	
"1449e13c-9dd4-48a7-bd7d-b1cae96a702f"	"A. Bergagne"		"A."				"Bergagne"	
"f32e9417-18d0-45b0-9316-921744d9fb84"	"Pieter van den Berge (I)"		"Pieter"		"van den"	"(I)"	"Berge"	
"4ab4418b-ef85-46de-9970-d46737211f26"	"Wed. Zegher van den Berghe"	"Widow"	"Zegher"		"van den"		"Berghe"	
"c419ba3c-839f-41bb-b78f-1b6a39242619"	"Zegher van den Berghe"		"Zegher"		"van den"		"Berghe"	
"786256dc-1828-4fbe-94ae-cc08a98aaa6f"	"J. van den Berghen"		"J."		"van den"		"Berghen"	
"ee667e3b-0205-46d3-af5f-8e4e0ed7e6fb"	"Willem Jansz Blaeu"		"Willem"	"Jansz"			"Blaeu"	
"1c7522e9-935e-404f-9d15-f1c0c5434621"	"Jan Bogart (I)"		"Jan"			"(I)"	"Bogart"	"https://data.cerl.org/thesaurus/cni00103446"
"0666c83e-3cd3-4e19-b998-67c83e89eaed"	"Jean Bogart (II)"		"Jean"			"(II)"	"Bogart"	"https://data.cerl.org/thesaurus/cni00103447"
"1c4a3ef7-2ccf-4612-8c0a-0c0446c00537"	"Petrus Bogardus"		"Petrus"				"Bogardus"	
"5ff41d6b-92c8-4133-8262-86db9d70ad25"	"Herman van Borculo (I)"		"Herman"		"van"	"(I)"	"Borculo"	
"efaa2352-8604-4e53-8986-20b9e4020e48"	"Jacques Boscardus"		"Jacques"				"Boscardus"	"https://data.cerl.org/thesaurus/cni00008937"
"11ed26f9-4bff-4ce1-9c2f-037f368118da"	"Wed. Charles Boscart"	"Widow"	"Charles"				"Boscart"	
"d5ec2f0a-7033-43e1-b7af-a0d169deedaa"	"Charles Boscart"		"Charles"				"Boscart"	
"af76b083-fbb2-41b9-93eb-797838170a2a"	"Pieter Bouvet"		"Pieter"				"Bouvet"	
"02b01c91-69a7-4c1c-8365-b9e4d5fe87d5"	"Pieter van Braam"		"Pieter"		"van"		"Braam"	
"96b43250-ec28-4509-8d81-ee4162c03b3e"	"Guillielmus le Bret en Fezandat"		"Guillielmus"		"le"		"Bret en Fezandat"	
"11d005c7-18a9-4680-82b7-5cfa73850c70"	"Nicolaus Brylingerus"		"Nicolaus"				"Brylingerus"	"https://data.cerl.org/thesaurus/cni00091960"
"8a30eda0-e09d-4a3b-ba8a-711c9c59b2fd"	"Nicolaus Breygelius"		"Nicolaus"				"Breygelius"	"https://data.cerl.org/thesaurus/cni00035661"
"1c52889b-f973-4e6a-a6f8-bc5a32e6832c"	"Jacobus Brouwer"		"Jacobus"				"Brouwer"	
"f4c99904-051d-414e-8468-c05fde569ef3"	"Michiel Bruers"		"Michiel"				"Bruers"	
"883527c6-4360-4cd1-b146-f4f39d0c28bb"	"Cornelis de Bruyn"		"Cornelis"		"de"		"Bruyn"	
"a74e4841-9e1c-4dd5-a1c0-7e3b34e9cb2a"	"Joseph de Busscher"		"Joseph"		"de"		"Busscher"	
"830ffcf4-b0b4-434f-9b2c-c38726c3ffe3"	"Wed. Martinus Caesar"	"Widow"	"Martinus"				"Caesar"	
"48088733-f361-43f1-8be0-cfd91663e54a"	"Martinus Caesar"		"Martinus"				"Caesar"	
"be39feab-b5f5-4cfa-8616-03494e1f824d"	"Petrus Caesar"		"Petrus"				"Caesar"	
"2f02fd09-bc99-4bcb-93d5-1cdf6fc3d615"	"Jacobus J. du Caju"		"Jacobus J."		"du"		"Caju"	
"72507bd6-7867-45d8-a936-b0655212b4bf"	"Petrus Iansonius Campensis"		"Petrus"	"Iansonius"			"Campensis"	
"472de46b-61a9-4129-8330-e870fe154db2"	"Pieter vande Cappelle"		"Pieter"		"vande"		"Cappelle"	
"f7745ff6-7c1c-4c62-b237-f40beb3ecb92"	"J.B. Carstiaenssens"		"J.B."				"Carstiaenssens"	
"307d8903-3ec9-4663-8eef-b34a9670e8c6"	"Antoine Claudinot"		"Antoine"				"Claudinot"	
"e7133739-1e1e-4aef-93d1-533cc3b17d3d"	"Wed. Peter de Cleyn"	"Widow"	"Peter"		"de"		"Cleyn"	
"1a70d56b-27b9-4c54-93ce-a0ef6a1eb8b2"	"Peter de Cleyn"		"Peter"		"de"		"Cleyn"	
"e31fef14-3086-42cb-8567-6dc58ed64bfa"	"Andreas Cloucquius"		"Andreas"				"Cloucquius"	
"cf357224-bc4a-4b8c-bc8a-8b4dc704a019"	"Jan Cnobbaert"		"Jan"				"Cnobbaert"	
"a8be73eb-3288-424f-b023-74be380f8a51"	"Michiel Cnobbaert"		"Michiel"				"Cnobbaert"	
"992062fe-581d-4e14-98d4-559c1e75343c"	"Joannes Cnobbarus"		"Joannes"				"Cnobbarus"	
"fb899a87-0fc5-4666-85c9-16be298d3ede"	"Wed. Joannes Cnobberus"	"Widow"	"Joannes"				"Cnobberus"	
"0e15c5de-e677-464f-90fd-126c8c4bbf62"	"Joannes Coccius"		"Joannes"				"Coccius"	
"66696531-d7af-42db-b190-2a97a74b1bf1"	"Cornelius Coenestenius"		"Cornelius"				"Coenestenius"	
"643cbd99-a361-428c-913f-eb08d541b424"	"Cyprianus Coenestenius"		"Cyprianus"				"Coenestenius"	
"0362b9a2-4871-40bb-848a-91fedb94bfce"	"Commelin"						"Commelin"	
"19bf1f76-c6e1-4db7-b9fb-89a4941bfe39"	"Aegidius Copenius"		"Aegidius"				"Copenius"	
"b6fd34cd-7cb6-4166-87a1-9267d9f01f59"	"Josse Coppens"		"Josse"				"Coppens"	
"1069050e-9ed9-45cc-926c-bd7a4c8aae86"	"Crato"						"Crato"	
"ecd28b51-7cfc-42e9-8a15-6f47daa3af5c"	"Jan Danckaert"		"Jan"				"Danckaert"	
"6b6f6ca5-1d90-47d6-aa3e-f46b7c589ca4"	"Petrus Augustinus Denique"		"Petrus Augustinus"				"Denique"	
"b900b2ba-4cca-45dc-b5e9-742c85fc79da"	"Joos Dooms"		"Joos"				"Dooms"	
"703b7140-d776-4082-8837-7e4b22a466cd"	"Judocus Dooms"		"Judocus"				"Dooms"	
"14d7c2a9-5616-4c64-b757-13db1ca11fb9"	"Philippus Dormalius"		"Philippus"				"Dormalius"	
"5fd8b4d1-beb5-4062-a98e-f5e58b5c7bfd"	"Antonius Dumaeus"		"Antonius"				"Dumaeus"	
"12f0feea-72e0-4581-b9aa-3aeb2681eb00"	"Godfridus Dumaeus"		"Godfridus"				"Dumaeus"	
"483e3e51-692f-4c4a-b7d7-e5f5ee5512a3"	"Gosuinus à Duyn"		"Gosuinus"		"à"		"Duyn"	
"3a06944c-10cc-43ff-9aa4-b1cd9aad0d85"	"Ludovicus Elsevier"		"Ludovicus"				"Elsevier"	
"be2208e3-aed6-4847-9b57-2a1b159d7c72"	"Joannes Franciscus vander Elst"		"Joannes Franciscus"		"vander"		"Elst"	
"5d558eff-de13-4fa1-8b1f-62369b69dbc7"	"Laurentius vander Elst"		"Laurentius"		"vander"		"Elst"	
"c7e685b5-1f2f-4b8e-8f35-21673c43c41c"	"Elzevier"						"Elzevier"	
"1521ff9b-9a20-415f-9ad3-8edb4c639431"	"G. Emerson"		"G."				"Emerson"	
"b6179d80-3392-457b-971a-7e7e45a3f4ca"	"Jean Eton"		"Jean"				"Eton"	
"3f0fafaf-d6ec-444c-8eeb-f3b1772a8437"	"Alexander Everaerts"		"Alexander"				"Everaerts"	"https://data.cerl.org/thesaurus/cni00019103"
"549ad13a-e03b-4c53-bb63-11ceca602aa6"	"Faber"						"Faber"	
"afd46c2e-9d7f-43d5-9e74-a2d8532f0187"	"Joannes de Fampoux"		"Joannes"		"de"		"Fampoux"	
"571339e3-0002-4712-a708-56952bbbb0af"	"Joannes Federle"		"Joannes"				"Federle"	
"2e993750-c458-472c-a76f-36271d2747e5"	"Jobus Franckius"		"Jobus"				"Franckius"	
"5b077f38-43ce-4c7b-9821-6b04478d48e6"	"Furmann"						"Furmann"	
"10cf4d35-c8cb-4a9e-a3d3-614c13ca6a67"	"Hendrik van de Gaete"		"Hendrik"		"van de"		"Gaete"	
"2bd65251-ffd1-4a24-8506-74a5af3a6559"	"Alberti Gedelij"		"Alberti"				"Gedelij"	
"597cdf48-8c7a-4d55-ae57-83dae6be74f5"	"Pieter Geubels"		"Pieter"				"Geubels"	
"dd310e18-ec72-4c2f-a40b-d38b237357b1"	"Wed. Jan van Ghemmert"	"Widow"	"Jan"		"van"		"Ghemmert"	
"2f4c373d-a40a-42a6-a53d-64156689996c"	"Jan van Ghemmert"		"Jan"		"van"		"Ghemmert"	
"b91ac872-a558-4a4a-a423-0ab52b40c8a8"	"Wed. Petrus Franciscus de Goesin (I)"	"Widow"	"Petrus Franciscus"		"de"	"(I)"	"Goesin"	"https://data.cerl.org/thesaurus/cni00086085"
"fce8d0ce-07d5-4530-b508-a782d8612064"	"Wed. Michiel de Goesin"	"Widow"	"Michiel"		"de"		"Goesin"	
"2eebda80-48f1-4d99-8f33-14ba93d065e3"	"Petrus Franciscus de Goesin (I)"		"Petrus Franciscus"		"de"	"(I)"	"Goesin"	
"7366ceb7-820f-48dc-ab20-80a2a2f35f28"	"Petrus Franciscus de Goesin (II)"		"Petrus Franciscus"		"de"	"(II)"	"Goesin"	
"a7a857f8-eef2-421a-823c-3e4b5e8c05a0"	"Michiel de Goesin"		"Michiel"		"de"		"Goesin"	
"a292b716-a721-4c5b-8389-e92299ec62e0"	"Antonius Goinus"		"Antonius"				"Goinus"	
"a4338a2d-9204-4fb3-bd72-9d694ac62b58"	"Hieronymus de Gosin"		"Hieronymus"		"de"		"Gosin"	
"3250bccd-651c-4717-ace9-3bfa9fee6845"	"Gilles de Gourmont"		"Gilles"		"de"		"Gourmont"	
"3515432a-e781-458c-b17b-f0a2ff0440bc"	"Erven Maximiliaan Graet"	"Heirs"	"Maximiliaan"				"Graet"	
"3e003103-5160-447d-b7fb-425141068db7"	"Maximiliaan Graet"		"Maximiliaan"				"Graet"	
"4b42d7d5-fd29-4df1-b6c5-41489c8b06a6"	"Augustinus Graet"		"Augustinus"				"Graet"	
"246fbd9a-02ac-4a45-8e0e-ba3ae7bbffd8"	"Petrus Grangé"		"Petrus"				"Grangé"	
"d6880446-c42d-4441-9b82-b89cefb7ea00"	"Joannes Grapheus"		"Joannes"				"Grapheus"	
"4aa1e513-3b9e-42e8-9f54-a59badfe45aa"	"Gerardus Grevenbruch"		"Gerardus"				"Grevenbruch"	
"85cde2d0-c844-4e51-ae8e-86ed91752b40"	"Bernardus Gualterus"		"Bernardus"				"Gualterus"	
"9a9a9610-f22c-4d5c-a845-d9772561c6d6"	"Joannes van Gulpen"		"Joannes"		"van"		"Gulpen"	
"2979f37e-963f-4c85-a8b2-a1f91a1c7be5"	"J.T. van Gulpen"		"J.T."		"van"		"Gulpen"	
"f0e0defa-b720-4376-88b1-6cb81018126c"	"Johannes Gymnicus (I)"		"Johannes"			"(I)"	"Gymnicus"	"https://data.cerl.org/thesaurus/cni00073568"
"644267d0-3ba5-4834-9e96-bce5f6ea356a"	"Johannes Gymnicus (III)"		"Johannes"			"(III)"	"Gymnicus"	"https://data.cerl.org/thesaurus/cni00075109"
"ec38b338-aff9-4aa1-91ff-a4b597fe8682"	"Martinus Gymnicus"		"Martinus"				"Gymnicus"	
"99776c8e-326e-4208-b097-e7578911909f"	"Wed. Guilliam Hacquebaud"	"Widow"	"Guilliam"				"Hacquebaud"	
"0103ed05-f328-4cfa-8a49-3b72b513116d"	"Guilliam Hacquebaud"		"Guilliam"				"Hacquebaud"	
"8e672656-b2b1-4918-b101-4416fdea89ec"	"Thomas C. Hansard"		"Thomas C."				"Hansard"	
"ef854baa-ef2c-40fa-8b62-bc4f1c524651"	"Henricus Hastenius"		"Henricus"				"Hastenius"	
"aa01639e-ceee-4748-a91f-ef3dc1652362"	"Gerardus Hatardus"		"Gerardus"				"Hatardus"	
"905ea98a-7c78-430f-884a-fa9debf0c386"	"Petrus Hauboldus"		"Petrus"				"Hauboldus"	
"e8ffe372-2e5b-4c9a-9674-396e9775d37e"	"Aelbrecht Hendricksz"		"Aelbrecht"				"Hendricksz"	
"fbe9cf23-5305-4cef-96c3-64f8ef8da97a"	"Jean-Baptiste Henry"		"Jean-Baptiste"				"Henry"	
"6839b03c-969f-48ef-bd16-41a02efc5edd"	"Joannes Herchovius"		"Joannes"				"Herchovius"	
"9ff6ebdf-a702-4974-9430-5409a7a7c8ce"	"Judocus d’ Herdt"		"Judocus"		"d’"		"Herdt"	
"5b63c52d-f766-42fe-af4b-f35148a5a5d4"	"J. Hervagius"		"J."				"Hervagius"	
"ed29496e-64d4-49b6-a98b-553214ad4d62"	"Leonh. Heuster"		"Leonh."				"Heuster"	
"fa8f66d7-2c33-41a8-8fd8-84d4aee6b0e1"	"Zacharias Heyns"		"Zacharias"				"Heyns"	"https://data.cerl.org/thesaurus/cni00012729"
"99ddf1a9-49d9-4ee1-b7b9-5606410a1232"	"Franciscus-Hieronymus"		"Franciscus"				"Hieronymus"	
"38692558-2439-4698-9f7e-0d290b2ff02c"	"Michael Hillenius Hoochstratanus"		"Michael"				"Hillenius Hoochstratanus"	"https://data.cerl.org/thesaurus/cni00081236"
"54e20cee-b15f-4da9-ac23-ff054031fee4"	"Joannes Hillenius"		"Joannes"				"Hillenius"	
"07e3c165-3057-405c-b915-723beae646d0"	"R. Hodgskinson"		"R."				"Hodgskinson"	
"28f7a723-f691-466e-a712-cbd88abf8101"	"Guilielmus vander Hoeve"		"Guilielmus"		"vander"		"Hoeve"	
"2b700d3d-7ac3-4405-8bf9-2636f3bfd84b"	"Johannes Hofmannus"		"Johannes"				"Hofmannus"	
"f4f35779-0847-401f-8d7f-b6f77e240f14"	"Petrus Horst"		"Petrus"				"Horst"	
"03b5013d-65b4-40c5-a6d9-6db63ef3f8ba"	"Tymon Houthaeck"		"Tymon"				"Houthaeck"	
"9347c008-0714-4776-aac4-dce109075679"	"J.M. Hovius"		"J.M."				"Hovius"	
"4d0b815e-406b-4e96-acea-73b9e6de790f"	"Wed. en erven Christoffel Iæghers"	"Widow and Heirs"	"Christoffel"				"Iæghers"	
"b3f5b18d-79d1-4e8b-b42b-866ab587c49f"	"Wed. Petrus Jacobs"	"Widow"	"Petrus"				"Jacobs"	
"fcaf9bd8-3fc5-4099-862d-e09d1da74104"	"Joannes Jacobs"		"Joannes"				"Jacobs"	
"ca82e16b-9c43-470c-8c8d-5cb0f98806cd"	"Petrus Jacobs"		"Petrus"				"Jacobs"	
"4d3c2344-560e-43fa-bd4b-89ca7405a102"	"Christoffel Jaeghers"		"Christoffel"				"Jaeghers"	
"89582c60-b51e-4b97-bf4c-289ca3b2a7d6"	"Johannes Janssonius"		"Johannes"				"Janssonius"	
"d45f180f-4b1b-4a4a-baf1-c11d9986cbc2"	"Andreas Jaye"		"Andreas"				"Jaye"	"https://data.cerl.org/thesaurus/cni00035874"
"7034fad1-ad98-4d03-be77-54befc9fa6a5"	"Hendrick Jaye"		"Hendrick"				"Jaye"	
"be63e675-9e1b-4dfb-a313-297b180665ad"	"Joannes Franciscus Jaye"		"Joannes Franciscus"				"Jaye"	"https://data.cerl.org/thesaurus/cni00085794"
"181afba0-678c-41b4-a6c2-4242d5b96652"	"Jan Jaye"		"Jan"				"Jaye"	"https://data.cerl.org/thesaurus/cni00035728"
"51d15aa7-6cd9-493d-9c2b-ecd31e785c3e"	"Robertus Jaye"		"Robertus"				"Jaye"	
"4e5d5bff-131e-42ab-a329-623a41ba26c1"	"Jacobus Jucundus"		"Jacobus"				"Jucundus"	
"6b7056ad-e182-4f05-837e-53eb91edd131"	"Jost Kalckhoven"		"Jost"				"Kalckhoven"	"https://data.cerl.org/thesaurus/cni00040889"
"87c65de1-67bc-4687-9fdf-697d33386c85"	"Kalckhoven"						"Kalckhoven"	
"11210fb8-2b42-4a09-8609-4d2baade15ec"	"Laurentius Kella"		"Laurentius"				"Kella"	
"56a152fa-4655-4d8d-9023-bcf25b913a68"	"Wed. Jan vanden Kerchove"	"Widow"	"Jan"		"vanden"		"Kerchove"	
"8a233073-6682-4b58-af1c-3c1bba399013"	"Jan vanden Kerchove"		"Jan"		"vanden"		"Kerchove"	
"08dacdb1-12fd-40aa-8395-4bfc3f32c351"	"Lucas Kerckhovius"		"Lucas"				"Kerckhovius"	
"a410a018-9fc1-447c-b56c-5096c61fe31e"	"Jacobus vande Kerckove"		"Jacobus"		"vande"		"Kerckove"	
"e2658ea2-614b-4807-a203-93a63de2f775"	"J. Ketclaer"		"J."				"Ketclaer"	
"ddbf031d-1cae-4178-bec7-b7b3872bbc19"	"Meerten de Keyser"		"Meerten"		"de"		"Keyser"	
"d03a2ebc-376e-431a-a20e-0595844e1ac2"	"Hendrik Korsten"		"Hendrik"				"Korsten"	
"78e5f351-470b-4313-bf9b-c61a8ed58248"	"Laetices"						"Laetices"	
"3fd1b098-0180-40d2-8f60-54006b02c58a"	"Joannes de Langhe"		"Joannes"		"de"		"Langhe"	
"43919a23-10b3-4db6-adf4-b396c06e8d6d"	"Joannes Latius"		"Joannes"				"Latius"	
"6dca5ef6-6a9d-45e8-bc57-de14baf4472c"	"Arnoldus Henricus Laurentius"		"Arnoldus Henricus"				"Laurentius"	
"bda115b2-7968-41f5-b6e9-2bc61537c64b"	"Henricus Laurentius"		"Henricus"				"Laurentius"	"https://data.cerl.org/thesaurus/cni00025584"
"1bab7dbf-ff4b-4a97-ad26-51a96297979c"	"Jean Octave Laurenz"		"Jean Octave"				"Laurenz"	
"9c7bab98-1159-40b8-a79f-b818b989ce4c"	"Jacob Lekens"		"Jacob"				"Lekens"	
"fda04896-a0bc-499f-abcc-1f2aa595d21f"	"Philippe-Joseph Lemmens"		"Philippe-Joseph"				"Lemmens"	
"cf1adb15-2f22-4b82-880d-5407dc61ca54"	"Erven Johannes Hertsroy"	"Heirs"	"Johannes"				"Hertsroy"	"https://data.cerl.org/thesaurus/cni00081306"
"bae8f7ad-ab59-4381-8d61-1792314abff6"	"Cornelius Leysserius"		"Cornelius"				"Leysserius "	"https://data.cerl.org/thesaurus/cni00081427"
"2c5e9b1b-e319-45e0-8fe1-11f2dacdf300"	"Gisberti Lintsii"		"Gisberti"				"Lintsii"	
"2614a156-2ae6-4fb9-871d-194a82d9a476"	"Philips de Lobel"		"Philips"		"de"		"Lobel"	"https://data.cerl.org/thesaurus/cni00035743"
"273c4e84-3fff-453d-a51c-070c11f8057b"	"Christophorus Lochnerus"		"Christophorus"				"Lochnerus"	
"4df3b9e4-abfc-4f2d-b06c-f1222f3656b1"	"Henr. Loeus"		"Henr."				"Loeus"	
"511af7c4-94b1-4fe4-bba3-09bf993a5607"	"J. Loeus"		"J."				"Loeus"	
"4f07fad8-d3c9-467d-9547-3fca916008cd"	"Wed. Johannes Loëus"	"Widow"	"Johannes"				"Loëus"	
"7b3051e3-d22e-4c66-9a12-fe81e143b1d5"	"Samuel Luchtmans"		"Samuel"				"Luchtmans"	
"1a2907b3-41f3-486b-a8ce-0dfaf1ac98c7"	"Joannes Luchtmans"		"Joannes"				"Luchtmans"	
"e8e03dbe-3e0d-4644-b94e-4c69e8a4516e"	"Bernardijn Maes"		"Bernardijn"				"Maes"	
"cfcc4842-3445-48de-acc5-340b95cfe1f9"	"J.N. Malisoux"		"J.N."				"Malisoux"	
"f1fb1f74-78eb-4c25-b03b-b52bf67b28fa"	"Wed. Baudouin Manilius"	"Widow"	"Baudouin"				"Manilius"	"https://data.cerl.org/thesaurus/cni00035910"
"b14a19a6-081e-4f4d-9cc8-3361fd4f9fb9"	"Baudouin Manilius"		"Baudouin"				"Manilius"	
"640c5b7b-497d-4d43-a660-cbb9b5aaf7f9"	"Gaultier Manilius"		"Gaultier"				"Manilius"	
"02cba129-40dd-4aff-9bea-297699fad81f"	"Cornelius Manilius"		"Cornelius"				"Manilius"	
"d5dd0ca3-ce2a-47e5-9d8e-19e322da961d"	"Wed. J. Lambertus Marchant"	"Widow"	"J. Lambertus"				"Marchant"	
"6495e786-d422-4127-848b-58b9ec5472d2"	"Charles Martin"		"Charles"				"Martin"	
"f5ffbfdc-593a-425c-abda-3801b3b614f8"	"Wed. Maur"	"Widow"					"Maur"	
"ee02c112-0d8d-4478-aaea-35df8998640b"	"Lucas Meerbecius"		"Lucas"				"Meerbecius"	
"e5463faf-8b58-497e-b408-3d3325fe0cb8"	"Cornelis van der Meeren"		"Cornelis"		"van der"		"Meeren"	
"eac06c8d-2510-489e-85b0-e82ef81fab96"	"Jacob Mesens"		"Jacob"				"Mesens"	
"df47311e-6096-469a-b2dc-e1f203184d37"	"Jan van Meurs"		"Jan"		"van"		"Meurs"	
"9e7675e8-d27b-47a6-81f1-94390ea9f8a0"	"Wed. Jan Meyer"	"Widow"	"Jan"				"Meyer"	
"da46497c-cb06-4329-840d-19cdd836daf4"	"Cornelis Meyer"		"Cornelis"				"Meyer"	
"8d1bca4d-1595-4e5a-8f7a-48dcc6e83d2c"	"Jan Meyer"		"Jan"				"Meyer"	
"31032a7a-48ea-4ede-ad11-7327d17ac75e"	"Wed. Alexander Michiels"	"Widow"	"Alexander"				"Michiels"	
"17747ee0-b61d-4ce3-aa38-9dd76919322f"	"Alexander Michiels"		"Alexander"				"Michiels"	
"d2aa2fdb-a022-436e-be0d-f6de6e824f61"	"Wed. François Moerman"	"Widow"	"François"				"Moerman"	
"8908f923-b73c-470a-886a-6287080a2bf0"	"Jaques François Moerman"		"Jaques François"				"Moerman"	
"6ff82a4f-5995-4d5f-97d2-58edd6502bd0"	"Joannes Baptista Moerman"		"Joannes Baptista"				"Moerman"	
"f23b7e0f-4afd-4128-bfce-b83ef8211d9e"	"Wed. Jean-Baptiste de Moitemont"	"Widow"	"Jean-Baptiste"		"de"		"Moitemont"	
"7966bf94-08b2-4cb9-a7e6-e9583a8faddd"	"Jean-Baptiste de Moitemont"		"Jean-Baptiste"		"de"		"Moitemont"	
"6aa9cd18-d050-42ea-8671-035b9347bc20"	"Jan Mommaert (II)"		"Jan"			"(II)"	"Mommaert"	
"31b6cacf-e950-4c38-b280-f4537fee2a54"	"G. Montanus"		"G."				"Montanus"	
"d28bb398-f735-4b5f-9c09-b2494c91f0e7"	"Andreas Moreel"		"Andreas"				"Moreel"	
"1f16ec2b-759f-4184-b06c-157804f13d6f"	"Wed. en erven Moretus"	"Widow and Heirs"					"Moretus"	
"372d4df3-5245-4f62-ba54-b17ae0e94a4e"	"Balthasar Moretus"		"Balthasar"				"Moretus"	
"07c58051-bcd2-4213-9a42-03ebfdd9f29a"	"Joannes Moretus"		"Joannes"				"Moretus"	
"8b9faed2-82bf-4c00-9eac-c08ac66ac72f"	"Jan van Mullem"		"Jan"		"van"		"Mullem"	
"47082ba4-49c7-4ada-a214-9803b9954858"	"Johannes Naeranus"		"Johannes"				"Naeranus"	
"c1953234-f125-44e2-8821-56ca10afb1a5"	"Hieronymus Nempaeus"		"Hieronymus"				"Nempaeus"	
"d4fbc9e3-ed40-46d5-8187-f06409f9551d"	"Guiliaume de Neve"		"Guiliaume"		"de"		"Neve"	
"fe0e8409-2740-46b7-9f8c-12bd8ec02943"	"Daniel van Noordthover"		"Daniel"		"van"		"Noordthover"	
"8fcf0f18-ebf7-4b98-a185-4fd6be4b884f"	"Erven Martinus Nutius (II)"	"Heirs"	"Martinus"			"(II)"	"Nutius"	"https://data.cerl.org/thesaurus/cni00027073"
"3af5d7e6-e74e-4542-9cea-83e5ef432ca6"	"Martinus Nutius (II)"		"Martinus"			"(II)"	"Nutius"	"https://data.cerl.org/thesaurus/cni00025944"
"d81ec512-6557-484e-9d92-a9a7134ae09a"	"Martinus Nutius (III)"		"Martinus"			"(III)"	"Nutius"	"https://data.cerl.org/thesaurus/cni00077067"
"dea968f7-88c6-45eb-84c1-e3dc4a9a5be8"	"Joannes Oliverius"		"Joannes"				"Oliverius"	
"0faf637f-8eac-4424-982d-0ed1e7266466"	"Leonardus Ophoven"		"Leonardus"				"Ophoven"	
"fe9fb0d9-bec0-4742-ad16-9ed8ea9eafb9"	"Franciscus Maximus Ophoven"		"Franciscus Maximus"				"Ophoven"	
"711a790d-7c01-41ce-a8c5-20741db71149"	"J.G. van Ophoven"		"J.G."		"van"		"Ophoven"	
"2860d79c-90fe-4180-83fb-15b0c60b7a76"	"Joannes Oporinus"		"Joannes"				"Oporinus"	
"9e95cdc9-4867-456b-93fa-5e1fbf4d92be"	"J. Orange"		"J."				"Orange"	
"10a827f4-b901-424b-b1b4-787df094193b"	"Pierre van Ouwen"		"Pierre"		"van"		"Ouwen"	
"064a551e-9a73-4f6c-9292-001bb8b04800"	"Jan Ouwerx"		"Jan"				"Ouwerx"	
"54633c94-42e5-41de-8eff-6673d88d55db"	"Eduardus Owen"		"Eduardus"				"Owen"	
"10a98f2b-6d57-4eb2-93cc-407d825091e9"	"Albertus Pafradus"		"Albertus"				"Pafradus"	
"e0e6556a-35fb-49f0-bc38-0624cb142611"	"Petrus van Pee"		"Petrus"		"van"		"Pee"	
"ab1cde40-ef6b-4b09-8a63-3bae496dff48"	"Jean Pepermans"		"Jean"				"Pepermans"	
"6e7bc926-fc35-493b-aab1-4f59b268d9ea"	"Petrus Phalesius"		"Petrus"				"Phalesius"	
"6cef0ac4-b47c-465d-af39-b32c52c9faaa"	"Christoffel Plantijn"		"Christoffel"				"Plantijn"	
"12c6e361-d246-428e-a499-a823fd838f4c"	"Plantijn"						"Plantijn"	
"e06302f2-e457-47c1-9808-f1b6bad769c7"	"Vidua Mauricii à Porta"	"Widow"	"Mauricii"		"à"		"Porta"	
"d504f5fa-7eae-4392-a3f8-5e00992596ad"	"D. a Prato"		"D."		"a"		"Prato"	
"907e7aab-db9d-490b-b3b8-0c8e907366db"	"Caspar du Pree"		"Caspar"		"du"		"Pree"	
"f5e66511-2394-4859-9655-56b91ec3abd3"	"Wed. Preud’homme"	"Widow"					"Preud’homme"	
"15ead9bf-f3cd-466a-9d16-74881ebc394f"	"Ignace de Rache"		"Ignace"		"de"		"Rache"	
"8e3fa10d-f4a4-4c0b-bee4-b3e06785dead"	"Nicolas de Rache"		"Nicolas"		"de"		"Rache"	
"46b1bde3-857f-45c6-85c4-bd25854fd693"	"Domijn Ramault"		"Domijn"				"Ramault"	
"6d4f6949-de89-4e75-9a3e-eef6ae847125"	"Wed. Jacobus de Rave"	"Widow"	"Jacobus"		"de"		"Rave"	
"63d77dbc-0982-4f12-8f3e-9b36a28a663c"	"Petrus Jacobus de Rave"		"Petrus Jacobus"		"de"		"Rave"	
"76fe7e89-4481-4200-90ef-c8890085bd0d"	"Jacques de Rave"		"Jacques"		"de"		"Rave"	
"b43c5a2a-168f-408e-b86a-82f59d6f54f1"	"Joh. van Ravesteyn"		"Joh."		"van"		"Ravesteyn"	
"47051959-48dc-484c-8f2e-f32a3a431af0"	"Rhodus"						"Rhodus"	
"0d28e7ae-f5e0-44aa-a3b4-905c78dfb177"	"Guilielmus Riverius"		"Guilielmus"				"Riverius"	
"c18197a1-6075-4924-827c-a4badc6b15ab"	"Joannes Paulus Robyns"		"Joannes Paulus "				"Robyns"	
"4854a736-4724-4bbe-bd75-f327c1e6cf65"	"Aegidius Romanus"		"Aegidius"				"Romanus"	
"2da94171-a881-4638-86d4-7a4bd9898993"	"Martinus Rotarius"		"Martinus"				"Rotarius"	
"e9396c70-c72d-4895-aeb0-72285a8f58f9"	"Joannes Franciscus de Roveroy"		"Joannes Franciscus"		"de"		"Roveroy"	
"8b263b5a-23cc-4f6f-bbd5-f60c6b7d0e28"	"Joannes Godefridus Josephus de Roveroy"		"Joannes Godefridus Josephus"		"de"		"Roveroy"	
"71c8d534-1c6e-4372-a671-fb2a6abcc224"	"Jacobus Ruart"		"Jacobus"				"Ruart"	
"c9e21caa-a33e-4562-a533-41ac16a7ec25"	"Henricus Saetreuver"		"Henricus"				"Saetreuver"	
"b986f963-135f-4858-b86f-fb5970dae76a"	"Gerardus Salensonius"		"Gerardus"				"Salensonius"	
"8c2092f1-5709-45ad-907e-4a218f609eb4"	"Petrus Sanctandraeanus"		"Petrus"				"Sanctandraeanus"	
"01f790fa-ef68-442e-85d0-e12c2814cb45"	"Petrus Sassenus"		"Petrus"				"Sassenus"	
"709e1935-b7de-4b52-aec1-01db44c7531f"	"Claudius Schaevaerts"		"Claudius"				"Schaevaerts"	
"d92d67a7-0cb1-4754-87bc-0a681c88ba9f"	"Guilliam Scheybels"		"Guilliam"				"Scheybels"	
"2fd3ed98-a246-44b6-b470-a7fd121a78f6"	"Bruyn Harmansz Schinckel"		"Bruyn"	"Harmansz"			"Schinckel"	
"3e592923-5892-4c9c-b9a2-529e0def06c5"	"Ditericus Schnorrius"		"Ditericus"				"Schnorrius"	
"b0d59403-e056-43b6-a194-f11dd16c1d09"	"Joannes Schoeffer"		"Joannes"				"Schoeffer"	
"502d84a1-3849-4dbb-a7bc-f0e9fd3c92c4"	"Claudius Schoevaerts"		"Claudius"				"Schoevaerts"	
"585220d2-3036-4e9a-a5d4-9426d0468a9c"	"Gulielmus Silvius"		"Gulielmus"				"Silvius"	
"162fc3d6-cd38-4e2e-9049-8d86b5acc4fc"	"Petrus de Sloovere"		"Petrus"		"de"		"Sloovere"	
"e5a872fb-1efa-4251-a78c-0f8f900337ca"	"Joannis de Smedt"		"Joannis"		"de"		"Smedt"	
"f56bee93-7c10-4211-8684-ddea201d9f19"	"Smith"						"Smith"	
"46608a38-efd2-441d-8246-d96b36f48e7b"	"Thomas Snodham"		"Thomas"				"Snodham"	
"e0444280-e193-4485-b755-4eeec9c455e8"	"Servais Somers"		"Servais"				"Somers"	
"8a12fa68-8606-4931-a302-2a9b1c4b2ed6"	"Melchior Soter"		"Melchior"				"Soter"	"https://data.cerl.org/thesaurus/cni00031461"
"1e549a10-8ef8-4759-b5b0-ba0eff7bcdc1"	"Joannes Steelsius"		"Joannes"				"Steelsius"	
"6de65542-8b4e-4b62-ae1d-0dce73f62593"	"Wed. Pierre Telu"	"Widow"	"Pierre"				"Telu"	
"41b71277-780e-4984-9a27-9db53c0b4858"	"Wed. Henri Thieullier"	"Widow"	"Henri"				"Thieullier"	
"7b1cfc92-1b5f-4dd0-8041-09899de652fc"	"Wed. en erven Henri Thieullier"	"Widow and Heirs"	"Henri"				"Thieullier"	
"3c107171-ab28-431d-bffc-7d87e08a27e6"	"Henri Thieullier"		"Henri"				"Thieullier"	
"cf14b02c-464e-4fb8-ad1e-1de184ffd15b"	"Albert Tossanus"		"Albert"				"Tossanus"	
"5391a961-2c1c-4d4e-a5e0-11a84a50ba9a"	"Joannes Turnhout"		"Joannes"				"Turnhout"	
"787f2f10-0e07-4c12-835f-61a741989a2e"	"Wed. Ant. Franc. van Ursel"	"Widow"	"Ant. Franc."		"van"		"Ursel"	
"3f23e347-5594-4865-ac01-cb844c16186b"	"J. Varet"		"J."				"Varet"	
"90c291ef-d0a9-4f14-a977-00873d6150fe"	"Wed. Peeter vande Velde"	"Widow"	"Peeter"		"vande"		"Velde"	
"40925968-4d0a-4152-8a8d-61b81841d8b3"	"Wed. Hubertus Antonius Velpius (I)"	"Widow"	"Hubertus Antonius"			"(I)"	"Velpius"	"https://data.cerl.org/thesaurus/cni00035638"
"d041e83e-6471-4ccf-8d48-7e9f1629536d"	"Rutgerus Velpius"		"Rutgerus"				"Velpius"	"https://data.cerl.org/thesaurus/cni00010330"
"818d006d-53b3-4717-9661-eb155cb57fb0"	"Hieronymus Verdussen"		"Hieronymus"				"Verdussen"	
"8e0d1425-c991-432f-9f0e-999cc1bc47d1"	"Martinus Verdussen"		"Martinus"				"Verdussen"	
"11a5f421-89c6-4988-afaf-ac50f3acbbeb"	"Petrus Joannes Vereecken"		"Petrus Joannes"				"Vereecken"	
"93b6791e-c77b-490b-9bd5-85d2d99daa05"	"Jan Verwithagen (I)"		"Jan"			"(I)"	"Verwithagen"	"https://data.cerl.org/thesaurus/cni00025569"
"2d83d2ef-91a5-4465-a027-4c96bc10be5b"	"Hieronymus de Vogel"		"Hieronymus"		"de"		"Vogel"	
"bd2c8520-db3c-483e-a002-effcd712f20e"	"Bartholomeus Vüsthemer"		"Bartholomeus"				"Vüsthemer"	
"5046b796-1805-4974-8ca5-9a784374a4bf"	"Pieter van Waesberge (I)"		"Pieter"		"van"	"(I)"	"Waesberge"	
"5da24ceb-e3bd-43e6-8feb-dcdcb85aaf02"	"Bastiaen Wagens"		"Bastiaen"				"Wagens"	
"ec2fce44-be6d-4d4d-810f-38f8cca6a914"	"Walford"						"Walford"	
"ffc70e08-6a3c-4270-9321-1f5edd3c57b3"	"Christianus Wechelus"		"Christianus"				"Wechelus"	
"a3051ac9-c40f-4a22-baee-770a5cf8d08c"	"Dominicus van der Ween"		"Dominicus"		"van der"		"Ween"	
"8808f7dc-a155-479f-96dd-a10fcadead22"	"Franciscus van der Ween"		"Franciscus"		"van der"		"Ween"	
"449e89d7-3c17-48e8-bfc6-1c262b59c28b"	"Maurice van der Ween"		"Maurice"		"van der"		"Ween"	
"2216b724-b6f2-49f2-9d8a-5f6bcc53c594"	"Wed. Pierre Weins"	"Widow"	"Pierre"				"Weins"	
"313928f9-005c-47ad-845e-75b6d8b10e04"	"Jean Weins"		"Jean"				"Weins"	
"ae8cc0ef-afc2-45f2-9900-c4eeda4e79cd"	"Pierre Weins"		"Pierre"				"Weins"	
"9cc6edfd-6544-4d18-bcba-4fa7f47fb5c8"	"Alexander Weissenhorn"		"Alexander"				"Weissenhorn"	
"694408f7-e3bf-467e-8a1d-598f9b8e5f51"	"Wed. Willemsens"	"Widow"					"Willemsens"	
"973c7fc4-41af-4d97-9728-316e073b7865"	"Joannes Wittigavius"		"Joannes"				"Wittigavius"	
"b5bde6ee-9376-47ca-98a5-1838aed494ff"	"Gerardus Wolschaten"		"Gerardus"				"Wolschaten"	
"9961bc60-aeaf-4de9-be90-d7d4cfb9f6b6"	"Cornelius Woons"		"Cornelius"				"Woons"	
"655ddeec-d897-4112-a4c6-c6efc129cca3"	"Petrus Jouret"		"Petrus"				"Jouret"	"https://data.cerl.org/thesaurus/cni00035730"
"e986641c-5570-4569-83bf-c55f9f6aeaac"	"Jacobus Bernardus Jouret"		"Jacobus Bernardus"				"Jouret"	"https://data.cerl.org/thesaurus/cni00086107"
"9f392f68-92c2-4bda-9922-8324a17022a4"	"Wed. Petrus Grangé"	"Widow"	"Petrus"				"Grangé"	"https://data.cerl.org/thesaurus/cni00085798"
