id	label
"7431d042-2833-45ed-82f0-dbd531ac320d"	"W1"
"5b6d5bd4-f3f6-4c32-8f9f-40171b35f4c8"	"W2"
"629c437e-f9bb-4d49-8d54-0d907a1a3523"	"W3"
"b6e43fd8-eca5-445f-a796-46bd567cf361"	"W4"
"4d1c45b2-9555-47dc-93e6-e708616c7f6a"	"W5"
"a96ca7c0-9cb4-4e07-ac1d-19a7895d8177"	"W6"
"68687f97-bcab-401d-b787-a7724c59fb2d"	"W7"
"879d7f5a-ca6a-4753-bd52-3c62268a8e06"	"W8"
"70ef4814-353c-4b05-8053-84ec29fed373"	"W9"
"f6090ce0-2182-4def-b91b-e0b9c64fba31"	"W10"
"66884069-0a48-4fd8-ba42-e67a5747c65b"	"W11"
"409e2e98-408f-4804-9580-3adf5d7ba063"	"W12"
"69eb9380-9edf-4268-b7f6-524f18ecd199"	"W13"
"a382dcbc-c45c-424f-b5a4-ec50a8714d12"	"W14"
"4464e4bd-311b-4970-acf2-31eb0f8f81d8"	"W15"
"9f0493a2-c733-495b-8141-32fb45c0eb58"	"W16"
"b6b6fb54-6977-4c60-9de7-8ac068e4cb4b"	"W17"
"547949c1-fe21-40a3-b69a-d4f8ca1ae144"	"W18"
"1653b566-334d-43fa-b4b4-a9c3dccc53fe"	"W19"
"3437eac0-249a-4966-96b5-c8cd539ff923"	"W20"
"9be71a80-3249-4d8f-9364-d7a130f08722"	"W21"
"d3bf8caa-c73e-42cc-b435-8cb1c49a24ee"	"W22"
"100e6926-e239-46b5-86c3-d37be3159dbf"	"W23"
"5b94ad20-9a40-4f64-aa98-ea515fe2de5f"	"W24"
"31b85047-5df0-4a0f-a7a9-0abd2a24420c"	"W25"
"74530eb7-081f-47ac-a51b-e9f3fc07cb27"	"W26"
"54466284-3bca-4ec7-8234-10defdb003b5"	"W27"
"36140cd5-7f76-437e-9660-d59157ee3d26"	"W28"
"eed34f53-4c68-4935-913b-ae92531e0acf"	"W29"
"1059d04e-dda1-40aa-89a5-9003259781b5"	"W30"
"482538aa-118b-4b9a-bb1d-1b6b31887acc"	"W31"
"6afec9e3-c635-45b4-af60-e9f661c8598e"	"W32"
"60413b1c-911b-47d9-835d-b2c9dce836a8"	"W33"
"115b95ae-84be-4138-a802-442c451fd234"	"W34"
"75b9525d-7709-40c3-8620-bcda147cb3be"	"W35"
"12fa54c9-84ef-44a1-9a85-09a00571486f"	"W36"
"b6c75dc3-2beb-4113-b9a7-e244d68ce1a3"	"W37"
"074317ab-0b94-4939-99a6-30a542b83ed6"	"W38"
"08686f23-1b3d-4554-9c44-22acb8f604d3"	"W39"
"b662f5c1-6390-4f63-bba4-1db6ac4ce8a6"	"W40"
"21b505eb-7bcf-4a7d-a0c4-7e260d2e69ac"	"W41"
"37df0bc6-fd22-43f5-9a17-7f012c74aea0"	"W42"
"b670d06f-e342-49bd-8976-53062a8e00e3"	"W43"
"2c7e4caf-bff2-4aa6-bd2c-765f1221bf68"	"W44"
"9cbe606a-35b0-4c9f-b67d-6411e890cf5d"	"W45"
"487d943f-914c-4bf4-b1c7-b7873db04e7c"	"W46"
"ca392198-e86d-4ba4-9ef5-fd32ae7542a3"	"W47"
"9570df37-cdff-47d2-8515-b72f4e158f01"	"W48"
"546f9ea8-7e17-469f-b7b4-cbfc4959dc45"	"W49"
"bff07a44-d5cd-41c1-a8ef-8f6d0fa32198"	"W50"
"a7ab166e-5421-4528-837c-fec2a1353f76"	"W51"
"dd43bacb-0a39-4265-86b2-ac147999a405"	"W52"
"3646dfd4-5af9-4333-a7bb-9886f039bd25"	"W53"
"c0d42b8b-857d-44f5-b778-8954faa36caa"	"W54"
"de6d0bf4-2338-4d57-bb14-c92cddc3498e"	"W55"
"2fde6597-5dff-4bf5-9913-f3a6501f94d5"	"W56"
"99ecf62b-63bb-4ca8-8ac4-f832cb9d6471"	"W57"
"f98617dc-e1e6-4b5f-a67f-050333fb3d33"	"W58"
"e68c24eb-d46e-49f1-9e69-c52bf596ac1e"	"W59"
"ae2cc27b-00bb-4931-98a5-d423147c0870"	"W60"
"de21f48e-83e0-4665-8402-cffaaa393f77"	"W61"
"459ec578-f593-4502-bcfd-204b671874f5"	"W62"
"8b999908-f52d-45f0-be89-4c76ff89adf1"	"W63"
"77192f8c-9828-44ef-be9b-ad4b2ea0a98a"	"W64"
"1806b80d-b809-414f-a65a-bf26218a9e59"	"W65"
"9741eb7d-3583-4c37-acee-1b9c42e338fb"	"W66"
"b3ae9832-10ea-41cc-a1ec-a7f67c640186"	"W67"
"1a73d757-feae-4d7b-b68f-696c7fde26e5"	"W68"
"1bcb194a-5c17-4c99-b8e1-2301f573453e"	"W69"
"5e300799-e1af-4138-99fa-01437bb3bbc8"	"W70"
"1a4b984b-6522-4aa7-bb4c-e7b1544ba8e8"	"W71"
"e142010f-65fa-4031-ba86-297a81e5b289"	"W72"
"105a6af2-b859-48f6-91ac-b447570a50fe"	"W73"
"1ce799fe-77a8-40f6-bdec-7ec09d9a234a"	"W74"
"ca6a6730-8ed6-4727-b6aa-593df79ae555"	"W75"
"4a27c52f-cbef-4f3c-93f9-b8742d92dfc2"	"W76"
"0de2de06-d60e-49c0-8e94-3e3d322079cf"	"W77"
"36c5b47a-eb8b-475f-ad1b-013cb421aef3"	"W78"
"67c19404-3da2-4566-aebb-290ff3951afb"	"W79"
"efb0d930-9edd-4f65-af3e-af7c3104d8a5"	"W80"
"71b72a7e-dfeb-498e-8576-04c8a85a8c11"	"W81"
"89925e1b-5686-4a83-aceb-1ce32d9af331"	"W82"
"b012e098-cd00-4f37-9bca-ed00d6575175"	"W83"
"bd9be5ef-51e6-48b7-9f02-ae81207225b3"	"W84"
"78fb2ec3-127e-4a8e-84b9-ff2125841576"	"W85"
"7ad49e83-4b98-4679-9e34-32166e7d4a81"	"W86"
"c5ce970c-63c7-4dde-a363-2b788bef6a64"	"W87"
"29b3b200-1191-496a-8860-61bb2e036bb4"	"W88"
"6fee332c-d960-439a-a56d-7f393e5dbfed"	"W89"
"3c309816-4a62-4b4d-b0f9-0598b38409ad"	"W90"
"16523125-a95b-46b4-ab95-07be49be3ae5"	"W91"
"bc603f30-02ee-4aee-8aed-0f2ad516d562"	"W92"
"ce7649b1-b911-4776-a131-11bd7f330913"	"W93"
"ac439b67-3724-40c9-98eb-afb52b3e2ea5"	"W94"
"93091da9-c7bc-4e2c-ba86-4a17d575fac4"	"W95"
"04ea3319-a7cb-4d6b-ac80-66e983aaa016"	"W96"
"e61fd909-55bb-4d5e-94bb-3c60c774a00a"	"W97"
"ae0e1c8f-7464-4f04-9b3c-3b165c67d8f9"	"W98"
"2a00e716-8156-4fc5-95bb-802cb4d011cd"	"W99"
"cdda843b-6598-4926-b63d-4abdb0c7ddb4"	"W100"
"e18c5575-1ce2-433e-b191-a4121115940c"	"W101"
"4e26e3dc-72b6-45b4-908c-a4fa1ef78115"	"W102"
"2a86e454-3e1b-4ffd-824d-efce8281d423"	"W103"
"3a5bad91-831a-4b67-af00-3d968d4d6260"	"W104"
"20288772-f1bf-48a7-a890-649c2b8db373"	"W105"
"54fbd465-71eb-4e4b-a360-9a7f0348bedb"	"W106"
"0b635337-c061-4c59-b4ac-79e07849445f"	"W107"
"199e4abb-6b41-497a-a767-dec3ca587db7"	"W108"
"bcfa2711-8cf6-449b-acaf-bb3ddd1362c2"	"W109"
"9065a805-268c-49db-8471-d4f3e6ac4297"	"W110"
"d0899ad4-2da4-45f9-97e4-36d48173bd93"	"W111"
"02e5bda8-b59f-402f-bce5-83338825c615"	"W112"
"b0b4a1d5-669e-4173-bc2b-a1cdea1f102e"	"W113"
"3244d79f-dc4d-46a1-98d4-3b4afcfd3c25"	"W114"
"cb5bf179-2726-4635-a886-65f9fe008ce6"	"W115"
"669b4c04-57e7-4b71-a20b-c92b4e9c4a83"	"W116"
"9e96f54b-7f15-43f8-9bed-6ed00496ed10"	"W117"
"e2c03541-d3ce-49e4-bd07-a60eab4cdb23"	"W118"
"94bd32d9-aca4-4ff2-9641-46e7b618ee75"	"W119"
"c77a503d-cfab-475c-ac4f-2627d2daf0bd"	"W120"
"d1073cc2-712f-4620-8107-487d180be7f8"	"W121"
"6e08858a-3b42-4d7f-85a6-782a17906280"	"W122"
"32dfeea1-7a33-46d4-bcce-9b06d1ae9c7d"	"W123"
"f46eba1c-e128-405a-8ede-350b145b54b2"	"W124"
"b7921e64-98a0-45bb-8c6c-9f32a5a1d3d7"	"W125"
"4ea49b1a-736e-4cfa-9e31-86fef7909082"	"W126"
"a7e9cade-761e-4c90-b4bf-2039195a9f2b"	"W127"
"b8e87e41-2773-4f02-b2ee-9dbf134ddb1d"	"W128"
"a237c8c8-8b3b-483a-8a57-59137d1decf9"	"W129"
"f205c2b5-6d8e-4fe5-9970-1941e0a1d989"	"W130"
"d305681a-29ae-493a-b1ee-d290a0b8ee83"	"W131"
"b943f8ab-d528-4336-8d74-dd9660160756"	"W132"
"f4d98eea-5976-4d82-9b2c-2cb5abc4634e"	"W133"
"fa7f5652-267b-400c-bd0c-e12ec69cb954"	"W134"
"40c72191-4e2f-4b0b-9e55-4c63764d1f87"	"W135"
"5d7ea7ae-b7ba-4242-b179-e3bb7e106a61"	"W136"
"eff75795-b704-4344-a00c-d6752e6b048c"	"W137"
"9038575d-6104-4ec3-a79f-a9b9950f24a3"	"W138"
"d1d985ba-78c4-4e31-90f1-d7ee251c0b62"	"W139"
"dcdcf043-acfa-4211-9dd7-f5a479f94cd6"	"W140"
"fea15246-df5f-4852-94a2-dad0f8c02b24"	"W141"
"b8c8fc83-2714-4f30-8ded-3b87578afc7c"	"W142"
"0aae72b6-ab93-4d4c-9fd8-264e3394d32c"	"W143"
"148c2206-6e98-47ac-9e8e-67b6b6ca59f9"	"W144"
"bfd40dba-8514-4e24-90d7-db0cc1953133"	"W145"
"17310bc0-66cf-4c23-8bcb-675cc94a97e9"	"W146"
"e500af28-3eab-4fbf-9a16-d4af9fc82575"	"W147"
"10315b29-0469-483b-9c3e-df2f8ebd863d"	"W148"
"9b30c8e8-2dbe-4321-8119-e76d9f83cd9f"	"W149"
"d0bdff9a-9c44-4162-baa5-1b4dc2f64433"	"W150"
"7fdff4b9-80c5-4687-98c3-9451524a82db"	"W151"
"d10a82a8-183a-41d8-b341-7359abfea678"	"W152"
"c6d46498-f570-4c93-90f3-ee581bd8d0ae"	"W153"
"d9ea95f5-4145-4880-aeb0-2dd01403a66c"	"W154"
"746778a9-35f3-45a2-89dd-3b6f509aae37"	"W155"
"48ae470f-8d33-4947-b0c5-70eb8dc3d3f3"	"W156"
"10034cd8-4d1b-4cc9-b20a-618ef5a2ee9e"	"W157"
"b12a01f6-6b40-46e2-945c-f662bb4e6e9f"	"W158"
"774c62a3-9ae5-4366-be2c-80ee954f2ef5"	"W159"
"6f252789-6427-49aa-9c55-3c4800441451"	"W160"
"27bb3e13-3586-45dc-8e89-bad57c3bb067"	"W161"
"95bdcc11-b733-4aa8-8b31-55fd79747e90"	"W162"
"d5a49893-014a-4cd1-9b87-1af09c0d67ab"	"W163"
"ceb808b4-44c8-4a81-b795-4631f6cc1409"	"W164"
"3fb90f03-b21e-44d9-8bd7-8bed4c1cf63f"	"W165"
"19fa7511-ee38-4456-8d29-3c6e2456a91a"	"W166"
"e8d2c376-677a-4ab4-9f28-c79130b086a0"	"W167"
"b286817a-a003-4aca-ad47-eecf30e8c78c"	"W168"
"403f7804-7a15-4c74-abeb-16585988ea98"	"W169"
"0287789c-f933-4651-bb3e-5ea722131507"	"W170"
"e9fe5055-6f74-484a-bb47-03d87f723cb9"	"W171"
"f702b066-733c-43b0-a4fb-afbe80082488"	"W172"
"b3ca5a65-13e9-4ba1-b2db-12a90c21a32f"	"W173"
"dadae08e-3c06-40cc-b00c-ba266427ee8f"	"W174"
"010ca469-7c1c-4a7e-98ea-f7d8ab3631b1"	"W175"
"f7c4ad18-1054-4d9c-9d46-0d35544fb61a"	"W176"
"bd284021-5281-4b05-b6f9-db8abeaa9180"	"W177"
"aa411976-47a2-476d-8a73-dd1337be9927"	"W178"
"a9c9ae49-f302-415a-8745-bd44fa54b532"	"W179"
"02fb28ef-952c-40ee-8aa5-adc3245eaf5c"	"W180"
"f00af576-5ea2-48f8-9de7-fac70a40408e"	"W181"
"b9c72909-011c-489e-b9e2-3d5550898f37"	"W182"
"42c0232e-a788-4b68-999f-5f2bae9b2968"	"W183"
"5cbe3802-9158-46c7-93cb-bac6d10b840b"	"W184"
"cbfecc43-1a3b-42f2-a9ae-c035536926fa"	"W185"
"b928f019-8cc7-4789-83a2-b6239a0e2c03"	"W186"
"02447489-6c27-4b8a-ad3f-2e6c92a1d007"	"W187"
"4ade08ad-1ea3-42df-9071-e66adf6b52ed"	"W188"
"cf576c60-74ac-46db-9303-67a5158b69e9"	"W189"
"73c34e46-f7c8-4080-ae88-1e2dfba9b389"	"W190"
"d6eeed44-2bcb-4793-8468-d31d89b54638"	"W191"
"9aa68882-0a54-4e59-9eee-ffd19ff1be7b"	"W192"
"0fe14bba-78c2-4be0-9ea1-20bb945669f2"	"W193"
"ef3a9f9d-2c42-4c84-9bac-6f546ea4f1f5"	"W194"
"fab15789-f0f5-4246-859e-f896a8caacaa"	"W195"
"660c83ac-224b-40ab-a69a-74ef61192224"	"W196"
"4efb54a8-9a89-44b5-a1af-8cf6f1040863"	"W197"
"5e31b6b2-0f1e-46cc-ad9d-aedd11a74cb9"	"W198"
"4dcf74ed-fb95-4141-b864-4762045fb41d"	"W199"
"13ee0c26-49db-426b-8f10-a69c719c1e8c"	"W200"
"dbae2ba4-d802-46b7-b565-3a7b404b61c5"	"W201"
"e0d002c9-b152-4e6f-9b22-7dd5024015d1"	"W202"
"9ce7cce1-d220-4f39-83a4-5ae157173ca7"	"W203"
"ebb0ebb1-057d-4846-8423-8bae672de9d2"	"W204"
"a0b39ed6-e7f3-4c7a-9e5a-2cf34aa71a33"	"W205"
"48949a46-e268-4a56-a772-467893f96938"	"W206"
"b4e863aa-a10f-427d-a2ac-f1fbed9ea2e4"	"W207"
"ba97a831-8ce5-48a8-9ffe-24e38b9c8dc4"	"W208"
"0b687cf0-2eaf-4e4d-8d64-b5a280cd665b"	"W209"
"7aa98a39-cf4c-4378-9e77-09a2b16e7d30"	"W210"
"88a756a9-4d66-4388-8960-7be56c049036"	"W211"
"06c5787b-a26c-4b53-903a-033004f86550"	"W212"
"f950cc4a-be52-43eb-bcc4-9d0f5ec657d8"	"W213"
"a0c1854d-580b-4126-aa39-536efec188c9"	"W214"
"c0d50be2-3c15-41ed-b405-7487ecb5705a"	"W215"
"c8b07854-1e57-42a1-97e1-09e0f5436bd5"	"W216"
"97947fb0-a9a1-40f0-8135-42c31819c8f9"	"W217"
"73b88763-f48c-45e6-93b9-80f33406ff9a"	"W218"
"ef5bb6a3-9406-4f0d-8a8f-4c0a172e09e7"	"W219"
"ddfd3aa4-448a-40b9-88ff-8b3a1ae24af3"	"W220"
"bb812abf-22a6-48a2-8d34-f93690422361"	"W221"
"7e9baacd-67e2-4952-8100-ff4f634e4dc9"	"W222"
"38c5025f-193f-4e2d-af35-46d629b12021"	"W223"
"d57bd62e-7cd6-4669-a3a0-0caaf54693e2"	"W224"
"e6aa1e6a-d995-4364-95eb-a36966176fce"	"W225"
"793ce0e3-1648-48cf-8d11-391c9ca58b45"	"W226"
"aa58127b-f584-4d01-a785-cab9efeadfd3"	"W227"
"f6a93099-e0b0-49d1-9eeb-8bfdb48067d7"	"W228"
"a08cf2ff-4825-47e7-b8ad-e373d0b51596"	"W229"
"c1be4845-5a00-4e46-89d5-b554ab06615e"	"W230"
"5285dcf3-0ccb-4040-8813-9373d134a7ba"	"W231"
"c424094a-40d2-4fb4-ae49-b559a2b11f9a"	"W232"
"6b38f8ca-2e4f-43dc-b86a-0c2956b1babc"	"W233"
"0e3ebf3a-c9f7-4653-86a7-0acf89b84aaf"	"W234"
"71c72305-b98d-4b85-ae71-2e1906bf202c"	"W235"
"f13b9479-c1fd-4ac2-b84d-136b8203c623"	"W236"
"c0c4418c-ea3f-447b-a42a-89d0561c00d0"	"W237"
"2661c8aa-3561-4bef-982f-d5c09afc4c3f"	"W238"
"5c77168d-1bf8-492c-8649-13c232433f6f"	"W239"
"612b48fa-ea7e-4e51-83a6-f17b5d7a364c"	"W240"
"4686f2ec-2dca-42fd-b0b1-bf791b70731a"	"W241"
"9b1d276e-9ec1-42f6-be49-7bc3893402cf"	"W242"
"cc000a80-38f7-48ae-8f41-9e915efeb720"	"W243"
"5d3dbf6b-454d-4e4e-a714-b8af15ecd4a6"	"W244"
"f08032e2-7114-4ab0-81cb-7e0103085079"	"W245"
"fd510067-23ea-400f-b4be-24b063f4980a"	"W246"
"0eca691c-6aad-4df3-8b13-b0053fcf4776"	"W247"
"79623523-b326-46ad-9645-6420c03ef181"	"W248"
"48204efc-ad6b-443c-ab0d-e417d97f3dc0"	"W249"
"1352acc9-8cec-4e77-ab54-d53b1bbfec15"	"W250"
"82e23ed7-3088-42dc-b48e-c8af9da7648a"	"W251"
"10b7c8cf-63a5-4ba5-872d-de5348a6bf0a"	"W252"
"d3a3da50-dad8-43e6-8c24-8517122c09dd"	"W253"
"81fa9bbc-aadb-483b-8a70-c291167d1858"	"W254"
"cbf0fb1f-5969-4562-905b-d9934914996a"	"W255"
"8db83b82-231a-487f-9cd4-018622c46e54"	"W256"
"77e88170-738b-402b-9030-3b301bf561f9"	"W257"
"5e18c357-089c-49c6-9714-3d664e0ad385"	"W258"
"e468a9e1-e319-4a2b-9e01-66299c002214"	"W259"
"b4eee479-12d5-4d2d-a992-8434899837ba"	"W260"
"a0bf2cc2-a3b8-4167-8e1d-1053ccd951b7"	"W261"
"c56a6151-8081-4206-ba9f-a632c84d1db1"	"W262"
"6c3d2976-0d61-47e5-bcba-f7532a6717a2"	"W263"
"87ae04c2-40a9-4e25-8d69-c52e4262c977"	"W264"
"cdf902b4-b27b-476d-af33-9c7b6e554360"	"W265"
"e09463e9-19e4-47b6-9cb9-42db04722396"	"W266"
"2010d55f-5719-459b-b937-2e4a1cea9b55"	"W267"
"7c8e55c0-a044-44a7-afd0-08b5030710ed"	"W268"
"d92b7170-7403-46c7-8495-2bfa535f756c"	"W269"
"6ddf2aeb-24f4-49b7-a0fd-03c3d39f040f"	"W270"
"cee63e8c-94c4-4d23-beed-bfd2b2800055"	"W271"
"d6dbe596-f166-4e1e-9d9c-4b5ab9f1a5f5"	"W272"
"8b73d7b2-5cb4-48af-8f6b-ce7491ccc758"	"W273"
"f3b6311c-cd90-4da6-b415-38b0878af70c"	"W274"
"f18b35b4-7deb-432e-b5c4-ceb429a68eec"	"W275"
"234afddc-4a47-4064-bba7-c97177cd8a30"	"W276"
"3e602ac9-880c-438d-8584-6953fe49b990"	"W277"
"eec764e0-eab3-4f6a-962e-88bab99ea1b3"	"W278"
"df675a65-a781-4cba-af3c-ef1dbafd1053"	"W279"
"f9f86be0-da31-4247-a94c-e148cd64c719"	"W280"
"75b99f06-a6a7-4245-88ae-63de03946233"	"W281"
"f2bd8123-a789-47c6-a63e-1ab7fc62e330"	"W282"
"d58ea7db-99ef-448c-bced-91814c2d6e8b"	"W283"
"e01b58c6-7e0d-400b-ac8b-f7dc32a63208"	"W284"
"27d133e9-aa10-41da-aded-0eb6bfbb525b"	"W285"
"91cc1778-0d50-485e-8f10-e952c8a7406d"	"W286"
"935ba8f4-4222-41a9-ab56-1f52fe6881c3"	"W287"
"ca9ec4d6-6f6a-4596-9b5a-338845e6710f"	"W288"
"10b2cd21-7010-411e-8b6e-306d6f45701b"	"W289"
"dfed1521-8da3-4d3c-ae36-65d5316939c4"	"W290"
"2deb7109-3578-4bf7-872e-2ee1599cca84"	"W291"
"fab235a4-1dfd-48f3-bafc-675de596b6c5"	"W292"
"6c9dafa6-219e-48eb-b5d6-7c67de7faec8"	"W293"
"df974525-e93d-4cea-8450-3e9da83978b1"	"W294"
"87defded-47b7-40e2-a9e7-28dfaf2b7041"	"W295"
"efc0a7b4-bd02-41d4-81a5-8710e2fdc3db"	"W296"
"00d8eb01-24b5-4663-b66b-0ffdaefbbaf8"	"W297"
"0912717b-b46a-47ec-b327-635d338083b1"	"W298"
"1f1131b6-a844-4584-b964-cee07e977380"	"W299"
"1f99e580-c839-4ae1-aa6f-a4fcd529fcbc"	"W300"
"dbec1b2b-058d-4a52-a0e5-764e4ac291ac"	"W301"
"9e5bbfdd-56ac-40ba-b03d-a7151ae2fe2b"	"W302"
"39741faa-599e-41f3-9ea8-3f51c5ec5cac"	"W303"
"763f3bd0-43d2-4a55-9df2-72dfc50e4a3a"	"W304"
"596b1f68-4a12-4e26-9b77-d8c0b54e0a16"	"W305"
"b4a114c1-e3af-45d8-8129-d59832b6a5e1"	"W306"
"ebd37d67-e3a6-4c04-b7bc-551c93e657b9"	"W307"
"79b94076-74a6-4e4a-b526-3ebabd1c742e"	"W308"
"9b0f62ce-882d-4e95-9793-dd78840600b0"	"W309"
"5e703085-b766-4d69-af4c-dc7a781fd172"	"W310"
"e3cb7ac5-10e5-4d26-862b-93e3cfbe8642"	"W311"
"aad7c933-d76b-4008-8378-8213435acc91"	"W312"
"a7cea54e-06cc-4c10-b3bb-e3e8a3c8cf0a"	"W313"
"c4495f3a-612b-40e6-bd38-0689437143e6"	"W314"
"22bbfdea-a23f-451e-a356-476fe93d437f"	"W315"
"4f18e8f4-a85d-485e-ad3b-b492ff8b13ab"	"W316"
"458530a5-3d1f-420c-81f5-b263f50d4976"	"W317"
"3f4ce002-554f-4830-b422-4a2e176e9331"	"W318"
"8cc12a4c-3196-4ced-a88c-a5d394487d7e"	"W319"
"77a5a09c-4008-44aa-bb2f-cec73d9dbb55"	"W320"
"e9ff53ca-1435-49fc-a4ea-5137d359ba8b"	"W321"
"7ccf66b3-d196-4a03-8db8-17a9c252f30f"	"W322"
"5f14d036-bc6b-44b3-93a8-bfeef1433ffd"	"W323"
"74327f46-539b-4971-b437-4735067e3794"	"W324"
"3b9a9217-3320-41e3-8d1f-d1a03baced77"	"W325"
"745377eb-bc66-4010-9376-acb9fd4de659"	"W326"
"4d4737a3-62de-4c5e-970b-3f844b306e99"	"W327"
"9f9c095f-0c50-4de8-810e-fcf4cc50f8ef"	"W328"
"17e3cd53-bcbb-488a-aaa8-4bef58962a4e"	"W329"
"69f907e3-eb08-476c-b71e-ef389390f9ad"	"W330"
"5f27551f-c9bf-4ef9-99a6-2938b0c07b00"	"W331"
"a46b790b-e590-4bad-987d-ee29ef7dab2d"	"W332"
"40e76dc8-421f-4df3-96ac-2ff63e0f166b"	"W333"
"69e05f92-5998-4f95-b011-75891645a97e"	"W334"
"085f4b13-d8a5-479e-b4fc-a4c8deb1ae43"	"W335"
"43daf7dd-443f-4a57-a39c-a79a4f773099"	"W336"
"5c19e787-2b22-4500-a7e9-6bd8f69dca16"	"W337"
"d879edfa-fe84-47bb-9797-81a9d94089e7"	"W338"
"a92e4bc1-ddd1-44b7-b1b5-d6bd9bd9cd72"	"W339"
"1a84db4a-4489-47dc-9a01-a2c8af094ce9"	"W340"
"dbecf606-53f0-4cdf-bd5c-4f96a3828d9c"	"W341"
"019e75d2-0f76-4419-85ab-391366fd7eb5"	"W342"
"7b1d834b-ce3f-4420-b82b-3a873e58ad02"	"W343"
"4b7e0e96-efd0-4def-bbad-4dfc0e2d239c"	"W344"
"095ed725-0adc-4e2c-9a87-86a859ff0b26"	"W345"
"84bf8c41-f513-41b6-a2c6-ee644360c022"	"W346"
"d8ea1b3f-e343-482e-94d2-deffa30dc38d"	"W347"
"60f6ec53-83f6-4f53-bf91-fffe45658c09"	"W348"
"a9b61b4e-fc23-49ab-a217-0f5ed0c85ff7"	"W349"
"9a4532ce-2a87-4d66-b284-3538ce2c9523"	"W350"
"d01178d7-e08e-44bd-af22-15cc6e4bdafb"	"W351"
"bd45e0c2-7aa6-486e-8cde-fc2d2d5c74ac"	"W352"
"cf1203d9-225b-42be-bdd4-02687f345c20"	"W353"
"d32fcfd2-8919-4044-a3de-9962ae4cfb18"	"W354"
"43936403-698e-4366-a159-4b6e2937df59"	"W355"
"9c749541-3be0-429b-9eb8-72dec7c073b8"	"W356"
"2346750e-8f7f-4d68-9395-1ff65c2a9ca4"	"W357"
"7b8af784-6bc8-43c9-973c-0d6686ed0efb"	"W358"
"ba950dff-8305-47f8-be9c-59d5df33a209"	"W359"
"05cbdd85-3810-4897-988c-7a9f72e9dd01"	"W360"
"44479d05-d363-442c-a9c6-de9f5a3d88b9"	"W361"
"63a82b8a-3b2d-4d6a-95a2-a22f039162ad"	"W362"
"5e2b2ae2-661a-4990-b8d1-e28ed7e027ea"	"W363"
"6559380d-be1a-4bc8-af57-0b53ff073909"	"W364"
"b81ce5a6-2e43-4b4d-b97c-2baf15b47d82"	"W365"
"28487aca-0a48-427c-9259-aa8c60d8d0be"	"W366"
"1dd17c3f-bea5-48bb-a772-94c5e3cc6af6"	"W367"
"ffa36a86-2ba9-4739-b0e9-12ee995612d8"	"W368"
"4b40bc3c-8d4e-4ffd-9602-563f72828c3c"	"W369"
"6862e4c2-d3a2-446a-89e3-973dc1d6df85"	"W370"
"d8ddc91c-f76f-44e6-8723-5884c701584d"	"W371"
"f808cb07-708d-4723-9689-f1bedc830f7d"	"W372"
"3e3964b4-ef55-46b5-a4ca-8b844f5b8846"	"W373"
"5d3a7947-bb33-4d1e-8778-9e28e47c596f"	"W374"
"935c976c-8a88-4989-ab6f-523a05c92679"	"W375"
"71e24585-868f-4472-a857-27d5c3144cbb"	"W376"
"d35714ce-39b7-4955-aba6-f6af62cc891a"	"W377"
"6ea1f90e-5435-45e9-93e9-3ab99a67da6c"	"W378"
"ccbeec23-9362-46a4-9b46-be848c46c974"	"W379"
"45549c6d-fccb-4154-94be-22f2d1cf8b82"	"W380"
"933efab4-1517-40a4-87fe-9e6bfb981937"	"W381"
"5f52ade0-8648-4895-9f84-62d50b6c9c42"	"W382"
"a06ba9b3-08c4-4094-8d5c-e18b3f66bbfb"	"W383"
"1aa63216-771a-48c8-9b42-833e000e7234"	"W384"
"1f32d66b-d723-4d5a-8a08-ffb8c19591e3"	"W385"
"7d8aa265-fc56-482b-9a37-ab4c31f986e8"	"W386"
"faaa0886-7fbd-4d63-8ec9-9e4d8ae10d03"	"W387"
"b3e8bc30-dab6-4d41-8b17-50a018a99b27"	"W388"
"11cd6a16-7e34-4113-9e26-63124cef34c5"	"W389"
"2aca8d63-cf15-4f28-bcf8-5941dc5a4aeb"	"W390"
"69bf077d-91f0-430d-8c99-52d1568e35a5"	"W391"
"ff6913d8-18a1-4230-b35e-3994c6cbf782"	"W392"
"f95fed70-26fe-475c-a7cb-693dd4c7a457"	"W393"
"4fda52be-915d-4c29-9144-39ff396da7ca"	"W394"
"c8f88307-95bb-4abf-a40f-358d82920ec2"	"W395"
"66c73eeb-816a-48ae-9f76-2835d3d78e54"	"W396"
"9eb70682-8ef4-426e-8f18-e4a66eb656ff"	"W397"
"aeeec073-c963-4c49-a40a-a9b0f4e24585"	"W398"
"7cbf5dc3-c12e-4b3c-b951-248285982876"	"W399"
"b8c7f8e0-13b0-4580-ba14-0d79b1a06f87"	"W400"
"144356f9-1ee1-460c-bf38-37ed0704a26c"	"W401"
"57048761-d7ef-4aef-9355-0a0aa94e3579"	"W402"
"49e7fdec-b758-45ee-9052-414d30a33098"	"W403"
"a4087807-7e76-496c-8844-435c05f8579e"	"W404"
"d7d4f44d-c954-4801-bf8a-7543cfd04276"	"W405"
"e160346d-c32a-40e5-87a4-3791ff623349"	"W406"
"80e30a1c-30d5-41ae-92df-a81727eadae1"	"W407"
"7b2f12ae-f401-4cbd-9737-d68e6be8615c"	"W408"
"d5c13bcd-79fa-450b-8c34-9eaa4e395d4e"	"W409"
"378aded3-05c7-4ebe-bb98-ac2ae9d2a9eb"	"W410"
"a8618fd7-0d54-4b15-bdfc-d13de311e124"	"W411"
"f9a645a7-2e7a-42ec-8a92-d2a1c45b9e92"	"W412"
"1ee557bb-2958-463b-b0bd-b1cfd1c6e4b1"	"W413"
"c1a276d8-f362-4c5e-8ad3-42f921dfe494"	"W414"
"6d862da3-b0e1-4523-a163-3bfdbf303a60"	"W415"
"87ad1f48-04de-43cd-b928-1a011db68e94"	"W416"
"b96f21e0-c9b7-4954-880f-482864ac8363"	"W417"
"eedfcad7-07b5-4ed3-9984-e52b330871ea"	"W418"
"cd31a434-f50f-4b0d-b022-3519874f4490"	"W419"
"ced52e28-4066-4be3-92cb-521cbe751413"	"W420"
"ab9ac776-20c9-4a9e-8668-7ba7d1693528"	"W421"
"dff4bf19-2ac4-4bff-be72-7b640f89d180"	"W422"
"777b62fa-cecd-4bd9-aff0-94b788189fca"	"W423"
"712f6455-a557-4193-8844-9305b3026fc9"	"W424"
"efe91301-82e3-475f-a1fc-c2ccd275acfb"	"W425"
"5362a1c9-5cc4-4202-a9cf-6783904e6b23"	"W426"
"b118e99c-5829-4744-8c46-c744b712b2b6"	"W427"
"99d369fe-ea11-4a49-abb5-7ca3bfe2ae7d"	"W428"
"64417803-a114-4549-adc7-ad1cf40aa4f6"	"W429"
"20e71721-208e-4656-b995-d0c43fd413f7"	"W430"
"563f2259-1653-408b-9132-15d85ae387dc"	"W431"
"5dab8464-a7fc-4325-90cb-02eca1dcb6fd"	"W432"
"9bfa9e4c-2a26-4013-93fe-46375266a32b"	"W433"
"3f6a8427-8f9d-4af0-9696-7aecd6b5e292"	"W434"
"55c55c08-a383-422b-b4a0-34d17a6da283"	"W435"
"95cab6c4-56be-4fdf-b2ea-d5fb6ec5825b"	"W436"
"7b6e9fae-d7ca-44c6-a2ad-7f2d405bfc90"	"W437"
"c8a8ba23-13ad-4990-834f-f8a09532ad9b"	"W438"
"df7e4f0e-98c8-4632-8abd-166bbf7ecc92"	"W439"
"3a48184b-0f45-4640-b45a-49c4d40b20a2"	"W440"
"a1853f1f-1d2e-408e-908e-11ee2c758e47"	"W441"
"15beef02-7c83-49ae-9505-3610bba084d5"	"W442"
"da864b2a-4236-40a0-8073-eafdf92bb45d"	"W443"
"2711bd23-a6dd-41c0-876a-e85652dfb3e1"	"W444"
"fa670d2a-bc1b-444b-af2f-f72fcfd39b4a"	"W445"
"c27867b3-fd1f-4e7e-b632-651da5f20a3a"	"W446"
"e8388390-5bf6-48f2-8327-20ddbf4aedd8"	"W447"
"5aa02f99-9f52-458f-b0fd-0beef9e2f3d8"	"W448"
"cf8bba3c-a8c3-46f9-8701-e6d1cc698c90"	"W449"
"1291e6e6-e42c-41fb-a321-b93029d3f3bb"	"W450"
"0fabee78-1a38-4d1f-982d-c3d62e054757"	"W451"
"dfa82186-0dc8-4717-b4e0-3959cabc423f"	"W452"
"0d7e2868-56ff-4151-b915-ccc7a203a943"	"W453"
"28c5b04a-7f34-48ec-838f-79930810c7c3"	"W454"
"674ed3bb-2aa3-4415-bf81-cd574b6c3338"	"W455"
"59982008-25ac-4016-868b-537720b22bac"	"W456"
"07545d17-a8ed-4958-8e13-b1ef4116a0a9"	"W457"
"238a8ed2-0f93-4f49-8c7b-5971eac645cc"	"W458"
"a48fcccd-c98a-4a0d-9258-161e66b11a43"	"W459"
"fe10670a-dbbd-45d1-8cf8-06a9f70ad5d6"	"W460"
"66066db8-8721-4493-aa34-96e756b4948b"	"W461"
"8e8c0284-6ca4-4c8a-b6d8-7d8c1c26072e"	"W462"
"203365d7-8fc0-4cdf-af62-f8ab1bb884d1"	"W463"
"e14913c3-772c-4be2-bd3b-df0a2967d14e"	"W464"
"e809e565-2d63-47eb-9d29-fbe6a9c37b94"	"W465"
"9f015e94-adcc-4eae-8a5d-9d5710a17b14"	"W466"
"5d1b9647-b58c-4527-bef7-5fdbf9bde211"	"W467"
"220c525c-d142-4898-81eb-49e631d4d672"	"W468"
"4c12962b-2331-4d02-bf05-ffd3e516bf6a"	"W469"
"7ca04c06-32e7-4177-8f41-05069f3cb479"	"W470"
"34f16689-62c4-4e5a-b40f-dcc00d417f61"	"W471"
"8c702d85-2b9d-4cda-a0fc-6cd89ecc71b8"	"W472"
"458c9c54-ec74-4c7a-a6e4-ce990ca43a5f"	"W473"
"d910eb58-1ae5-41ab-b7ae-37549b029b84"	"W474"
"91b6f5aa-def6-48c5-950d-5418f290a5a0"	"W475"
"d33d1185-75e1-4031-945b-718c352dfdbd"	"W476"
"221ed1dd-5b68-4ac9-b25c-321563cfaf64"	"W477"
"70e75c2d-ec19-481b-a6d6-95c71c225d43"	"W478"
"486a0bcb-3b2e-4862-9cb6-06e5876a2cc1"	"W479"
"f2c7c11a-a76b-456d-8f62-91a7064bdbba"	"W480"
"a23fc5b6-7f18-49ec-bdef-a7f002e9b8ed"	"W481"
"10ab1a44-0c86-4885-89ac-66eacab2f840"	"W482"
"e6587327-076f-4594-96f9-6d6c4f606d2b"	"W483"
"559a18ea-4db2-40af-bfcd-1d6a02cda339"	"W484"
"da614435-0f06-490a-a065-22d5a95721e6"	"W485"
"3742c2b7-ce58-44bb-af77-3f1b821818e6"	"W486"
"3f65d51e-496b-4a2f-b44a-3c2300b87527"	"W487"
"c9b64592-eefa-47c4-b590-d4453b6c8d8d"	"W488"
"a5307b19-8878-412a-bced-98bd134f00e3"	"W489"
"34e0f252-a4ac-45b3-b0c8-de05e3153631"	"W490"
"b33fd4ab-8661-4e3e-b9ab-2e0b2d4edbab"	"W491"
"40dd67f2-99e7-4df8-95f9-296ad314dc61"	"W492"
"253ab543-3cfb-4792-9fdc-e6e219a7246c"	"W493"
"48986a87-5b91-4480-bd7f-2452bd9e9e14"	"W494"
"e75f66c5-98c8-4327-b4e0-fff185a36fd9"	"W495"
"35e29f46-12fd-4866-ad9d-67dafaa2187e"	"W496"
"8112f6c5-3fe1-4fbc-a879-a7cd7e1c9f4a"	"W497"
"d51a8cae-ce5f-44b5-9f18-a53c7a54b8e0"	"W498"
"f2ff71d1-a0f7-45fc-8851-11d680ea0577"	"W499"
"c96a969d-e156-4280-a11f-45b37b0dcb69"	"W500"
"5260df89-a0b5-4742-8229-34111bc49f33"	"W501"
"6f965441-ab42-4c9e-9da3-a60e626a0853"	"W502"
"5b4ca875-b849-428d-8104-c117d703b65a"	"W503"
"cafe82fe-ace0-45ee-9154-8b3dee1cc4d1"	"W504"
"5a7bfce8-5078-4417-b7b2-274f2d6eb04d"	"W505"
"ad0abfa3-1436-4434-9f9a-6b6da8584280"	"W506"
"f68333c4-e992-4cab-abba-b8bf774b3742"	"W507"
"afbb7393-eb0e-454e-a6ef-670ce65cba97"	"W508"
"dc752983-a8ea-4a04-b901-2f7f1def8b6d"	"W509"
"2e3c91a3-ef50-4e11-b834-620bd943d412"	"W510"
"71fb2dc9-a072-4782-b033-26a59ab2bb6b"	"W511"
"0c4b6e30-df14-46fa-8b0a-cb1fb668e59e"	"W512"
"cef2626b-e20a-4f44-8f3e-9972b1559caf"	"W513"
"2f863e25-2500-4623-a05a-5c39b48f6b48"	"W514"
"98920538-0bec-4a39-852b-8d9fd5db41cd"	"W515"
"2ac3fcfd-d1d3-4313-b7e9-5aa7fd62cad7"	"W516"
"72ad3610-8226-4835-9084-2ae162bb4067"	"W517"
"65f912a6-e60f-46c0-9d52-989c31c0b680"	"W518"
"af3169f0-b7b5-4982-aa60-142b4f3ddbfc"	"W519"
"c008be96-e97d-4d90-8270-c99c1f10781f"	"W520"
"63b85f00-fe7d-476d-be9d-366c2441fd06"	"W521"
"ffd235a2-26c5-488b-ab3b-d20ab4d27636"	"W522"
"a9d004e9-0e84-4761-a907-c93601f27db0"	"W523"
"68b57b2a-5f44-4150-b1d7-45d608610e16"	"W524"
"3e3b164b-1433-4168-b213-b6425f731111"	"W525"
"be2089c9-b2ed-4ecb-b27b-f6f51173f445"	"W526"
"a6b4f6bb-a2eb-4e05-957a-76d7b1ce248a"	"W527"
"8fac3474-e389-4074-b140-15c9cde812eb"	"W528"
"1086f89a-c066-4549-a836-8f330a662ed3"	"W529"
"98bfa86f-0a2e-493d-8216-beb7e3521138"	"W530"
"bfdce522-5b29-4904-8d32-d5c0b9f84bb7"	"W531"
"72e08fda-201b-47fc-b9d1-e17e91ee09e1"	"W532"
"11b0b444-772c-455c-b972-023b8b5849c8"	"W533"
"421dacb0-df7a-4f7d-93bb-9997ce042a13"	"W534"
"70c83b82-366f-4add-a5c6-828f5dede0d7"	"W535"
"5196fa82-e544-425a-aa83-b35c2a383165"	"W536"
"def793a0-9759-4b43-9e2d-3fc63b05436c"	"W537"
"65ef873a-90c4-4e3a-82e8-8fc09b9c6671"	"W538"
"28c58819-d7d7-48e8-808a-023e486afd67"	"W539"
"a16568f3-b2da-4781-bbdd-b3278514adac"	"W540"
"1f6d1d11-631e-4a78-8afa-9b3f421f6a9f"	"W541"
"9e7fb054-a513-4f23-822f-38f9c6a1d1f4"	"W542"
"54550ae0-9858-4bbe-b638-1ff23df243cb"	"W543"
"285f0c8f-3ea0-440d-b745-87a24737b0f9"	"W544"
"83b0512b-a994-42b5-a7d3-8ecb0a4e21c8"	"W545"
"a72631b4-a69d-460b-acda-4bcb250f8948"	"W546"
"ef5ce3d8-3edb-46c3-9b94-0cc4691974d5"	"W547"
"f6fdf194-104e-4605-a9b5-5bd9cc526ead"	"W548"
"4f2e20e0-e640-4fb0-8103-05b995a700e1"	"W549"
"a08f8660-8c4e-4ecd-adc1-c8a977c95bfc"	"W550"
"b07697bb-a807-4237-88eb-7e25730db138"	"W551"
"18a59865-3319-416b-aa86-e488f74b3f9b"	"W552"
"ceb968bb-8c1c-4888-8f91-4bb515a45b5d"	"W553"
"627c9776-d6e4-40d5-b1cf-2169cd4e0830"	"W554"
"152d2657-e323-45c1-bc98-364775cd8338"	"W555"
"c7627d54-95c5-4677-accb-cb808905c7df"	"W556"
"5ff2cb79-eb35-4f26-86ad-d9867142a1e1"	"W557"
"cf07b282-0f2c-46fd-8c91-ecbee57f9fcb"	"W558"
"551d9d49-b206-485a-a338-a3cf2f4bfd77"	"W559"
"ff797275-4b3b-442e-b70a-022170c878e6"	"W560"
"1208d053-1995-4010-8dda-bed6119d55ce"	"W561"
"1f1f325c-6e48-4b94-ab8e-4c1b2e2e3761"	"W562"
"4b47da00-fbd2-43f4-9744-b1756355a88a"	"W563"
"910440d3-bf10-444a-91ca-9d291c88638b"	"W564"
"ccc3c70e-6363-4bc1-8949-824828526d67"	"W565"
"8079c163-2db4-4548-85a6-84edf5b1a552"	"W566"
"9405a6bf-ceb6-4b95-9d39-cc6dde3cc9ab"	"W567"
"72e72246-4756-4dd4-a0fe-8c2de02ba431"	"W568"
"d4a4a1c6-d38e-4880-9414-736296f268c1"	"W569"
"fb80f9e7-f4fc-41eb-8d2a-0b3a6b7acd22"	"W570"
"7ab94c35-8add-42e3-ae5a-0ea9327843bc"	"W571"
"7adcf865-af1e-43b6-bf75-989806523381"	"W572"
"f9d82c33-5688-4f33-a985-560e95e7c947"	"W573"
"5e205362-15d6-435a-8a95-0f8277e2bfeb"	"W574"
"7615d00e-bcca-458e-8708-757fb437a6de"	"W575"
"749dbff3-0cc5-4741-b340-9b5a9d8f0a6c"	"W576"
"7406b71e-eb85-411e-b3d9-d4a4fe710a0c"	"W577"
"46debd08-1fcf-451e-8018-bd5a89ca04c5"	"W578"
"62145b06-8b70-44c7-b6ac-74b986dc8d17"	"W579"
"6a9b4354-f9b2-4b15-8842-b0aea1e25805"	"W580"
"41fcafd6-af1e-47d4-8a16-adcadc1b40c9"	"W581"
"928596cf-fc6a-4719-aa5d-08a08f6f0ec3"	"W582"
"6da388ce-db55-412d-9565-cadc3bc1fb3c"	"W583"
"7a3ec8a9-0ec6-458f-8e64-a3b7ba11cacc"	"W584"
"6e26a1b8-52f4-42f1-ba47-db9ab9c06025"	"W585"
"7d8910bd-cfab-4f98-a48f-6a9f182b32be"	"W586"
"35aabe94-bc27-42a7-8c5e-d655d4fd7866"	"W587"
"b4ad47e4-d98d-4219-8804-621312391e16"	"W588"
"114b51fa-fddb-4cbf-8c8f-8408e31ef143"	"W589"
"3f5b77aa-8558-45ee-b6d2-a7abb980e518"	"W590"
"009a2e67-0460-46b3-85b0-59d4904a7a11"	"W591"
"232a17f1-2235-42cb-8ebc-ac61dd76127e"	"W592"
"188db7a9-c2ad-4647-b544-231b4f52f5e0"	"W593"
"6ddde238-bea3-4a0d-a29c-6f6defcb074e"	"W594"
"3833a043-d44b-4c87-a2aa-df1fa65fed82"	"W595"
"973ea7c1-2022-415b-b06d-a5abf4acea10"	"W596"
"1da01764-dcda-4975-8be2-081447790f6f"	"W597"
"f4090d68-4a07-4895-bcb4-bb6a043f3562"	"W598"
"82d9c892-9dfb-4559-8a50-66a75d684d74"	"W599"
"7e521b79-cc4f-4c6f-883c-b2e58fdabf58"	"W600"
"b07b93ba-acd8-42b9-be95-c51600c7cd03"	"W601"
"c3e5a00e-a494-49e4-b271-e84ebe41a1d3"	"W602"
"d40f31bf-12b2-4c0e-854f-15148a2c3755"	"W603"
"e03c7d65-6eb3-4c2e-ac55-77787c9436e0"	"W604"
"53f724e2-38f8-4e5e-a47f-8f10d70e671d"	"W605"
"e16d1ea7-3b43-455f-b0f9-d9e0cdfe4d48"	"W606"
"90d337ff-6cf5-4b48-ac74-1ff04525dc7f"	"W607"
"f2a786ab-903d-47bf-a27d-edc8489c4682"	"W608"
"33184b85-c6a4-49f8-807f-7c1ccfee0979"	"W609"
"afc7510a-d89f-4151-be72-d2129f118212"	"W610"
"ce351702-f18a-47d1-bd18-cfa2ef82d539"	"W611"
"837ab4cf-4cbd-42a9-96b9-61570a15a347"	"W612"
"c7b077f0-4afd-4ec6-a79f-18c98fa5cfa3"	"W613"
"1e951d16-ad40-4035-899f-8e98923af592"	"W614"
"78ee78af-2c34-42f2-aeac-4c83409a6f14"	"W615"
"f91c9b4a-7ce4-4c01-8958-bb7a5e46d674"	"W616"
"129763f8-d5f6-4f1a-b6fe-5dc6ff3e190c"	"W617"
"6f6259b7-2449-4e82-902a-7bb204ef66ff"	"W618"
"10148c2c-f5b3-4d88-aa22-b4e1647ede56"	"W619"
"d814a6ed-6766-43d8-9c88-363caff1b728"	"W620"
"84e1cecf-b47c-4c8a-9e1d-e94175eafc98"	"W621"
"d50f4881-047c-4970-b2b1-b07a79b4ae14"	"W622"
"46440de5-2bee-4ec4-b721-315438ef69c9"	"W623"
"c920e7ee-d927-42f6-a09a-4f704673580d"	"W624"
"405a4cb2-9440-4c8e-b7d0-d3153b992818"	"W625"
"2e88a9ee-f895-4079-98be-e582f3c47d17"	"W626"
"10b6ec0e-b51a-4a4b-88bd-279700525d6e"	"W627"
"65079a23-23fb-443b-a6ff-a21b760c9495"	"W628"
"064a935d-9ef8-4a9f-acb7-0748db0e5900"	"W629"
"b0aa41be-e4e5-4e0e-8e44-c877bbc227c1"	"W630"
"efd448a9-c11c-474b-9f8e-355db24a0d70"	"W631"
"8b66bbc2-bd54-422f-af0d-027cd7cac2a6"	"W632"
"ca4d08bc-99dc-4ed2-888e-215b3e2dede9"	"W633"
"775eb787-c624-4fb4-949d-a5811f3c51ca"	"W634"
"c3d5fc57-ec3a-442c-b7a2-12b25bb60bc4"	"W635"
"6c45896a-9518-498d-ac63-57fd7cc6e53f"	"W636"
"f5e6eb84-3313-44f6-a5d3-6669347b8762"	"W637"
"ad2beb52-f155-4118-808d-f995fe376c8c"	"W638"
"5e74f077-05f5-4c3c-82f7-062c09555335"	"W639"
"a9f29746-ecf6-4d41-ac3b-98e093296a99"	"W640"
"43c0d676-54c0-4b2e-bd3b-77c44d41d598"	"W641"
"fa8dcaac-0cee-46f1-b3d0-1ff60684d323"	"W642"
"037a8d83-26d1-4b2c-a84d-b329e35c4dae"	"W643"
"38f3ad38-3977-4a48-b38a-8457c37b4dca"	"W644"
"f5c7669a-5167-48cf-a11c-b7860a487b44"	"W645"
"23276f41-dbd1-412e-b80a-08aef41cdc12"	"W646"
"ef2be055-59f4-4e6f-9621-8e45e2c43089"	"W647"
"0867524e-3060-4896-9bbe-3d19f6751963"	"W648"
"5640078b-9ee5-4050-9ead-fe35938d304e"	"W649"
"6a09177e-ec6c-4381-aef6-d712eb1741fb"	"W650"
"5989474f-5979-476c-bbb8-6bdb513abfed"	"W651"
"e644457a-72db-4621-8200-6af87cd5abf2"	"W652"
"99afb1c1-f3e4-4fb1-a090-c52b1fd20d43"	"W653"
"f3316164-1261-425d-a5dc-c529a4c0109b"	"W654"
"f9dedb64-3755-478e-92a3-22021cd49a49"	"W655"
"5623aa61-8c47-43b1-94f1-33040f34295a"	"W656"
"0d4121bb-a011-428e-9341-826a97c50435"	"W657"
"b40aca8a-8ea3-45b1-bcbf-7683371f0722"	"W658"
"02fbc084-f81f-41fd-ba2a-f34f00a2f591"	"W659"
"cf536802-8151-4d8c-a753-0311999a6b10"	"W660"
"f8c6912a-406b-4566-a7d2-83e9fe6c2fad"	"W661"
"e2737c4d-3864-42bc-81b7-34edb9dc0ce7"	"W662"
"ce2d2579-5681-4d0b-a112-ad99b67cf667"	"W663"
"c138baee-915f-4504-8c6c-ac39af2e482c"	"W664"
"4da8e12c-7e0d-4ba4-8d29-ba1d11a59afd"	"W665"
"bbd913d4-d97f-4138-a40c-2bf80c902aaa"	"W666"
"a73f8fa2-bcf4-4431-957b-0a051f295b61"	"W667"
"ba69cd14-a86f-4885-a83c-e58bb3501d92"	"W668"
"655b2cbb-29d0-49a6-914a-f0a5313f53fb"	"W669"
"b2633e89-962b-43d3-b9d0-09dcc25ec0fc"	"W670"
"dace73f5-cdd2-4690-a0ca-5980dcc272b6"	"W671"
"39996298-1c34-42d8-bd65-35e1cd45b085"	"W672"
"45e58af2-d08d-49f4-b772-5f60590d3343"	"W673"
"2fc093f7-3720-46ae-b3cf-500d8997b098"	"W674"
"113a9844-7abe-400e-9bd6-817becd8c9e9"	"W675"
"c487904a-8c77-47be-b81a-d9328b9dc367"	"W676"
"c86841db-42e9-4c2c-89d4-54425f07c1ee"	"W677"
"ab79fff3-c5f4-4d0d-9283-0e9730c8d601"	"W678"
"93d49f8c-47f5-43de-8ccd-c58a88fd85c1"	"W679"
"0fc9d07e-75db-46cd-bb31-068f828f6150"	"W680"
"999ffb1f-b973-4766-ba97-92f967d5f216"	"W681"
"9bcded47-8706-474d-ad67-431467384367"	"W682"
"a7bf069d-2f08-48a2-8d00-cdfa7dbef1f5"	"W683"
"d4c5217e-17b0-4415-a814-a670995ea8cc"	"W684"
"13754800-85ac-4b36-87e0-c03351f032aa"	"W685"
"bcc6ab6c-987d-49da-bdad-d4ac62e243c3"	"W686"
"f76c8509-9fd4-435d-ae15-c66dff9cbc5d"	"W687"
"722d89e9-764e-43c8-bf28-27c73116b307"	"W688"
"f8e68480-e8bd-41f2-a5e8-02301e58b14d"	"W689"
"594501c6-ab1e-4444-a00e-e6bc7e036ece"	"W690"
"c2c53c18-e297-4700-aff7-a7c71acc39e3"	"W691"
"64eb46a5-a1bb-4dc8-894b-bc6084b8b3b9"	"W692"
"a0083546-cb56-4af8-b818-30af9ee2fdf5"	"W693"
"7b4cc944-916a-491b-8b85-5699e2c343ee"	"W694"
"e5fb44db-fe58-4593-8624-13dd7feb4e74"	"W695"
"5415eb39-f839-4ce6-b03f-446d21564859"	"W696"
"ba07949d-a3d2-4951-83d0-be205f5e39ab"	"W697"
"09426250-217b-4bbf-8787-fb4e332404bf"	"W698"
"950af6f7-97ac-4c90-b863-ef4c1d8d6cd8"	"W699"
"248af69d-ffbf-453c-8e3a-3e79e5b88d6a"	"W700"
"dc1b8bc3-3d96-4bdd-846a-d947a25602b1"	"W701"
"21a2be5c-7770-41a4-bc62-fa6f039dff5d"	"W702"
"ff4abf0f-cf03-4e5e-af97-ffdb4a028d82"	"W703"
"cfc60525-c1fb-4ed0-9e11-1f4e9f17c186"	"W704"
"22f5a48a-c12a-4dd4-bd13-9bac98a53184"	"W705"
"d5ea75ff-e222-491b-b92d-d34f0b47378b"	"W706"
"97853e6c-7709-40aa-88d1-3395f652d5f6"	"W707"
"21a364ca-3c31-40d2-9b57-6f61c971ee71"	"W708"
"8df91dd3-53df-4773-bed0-190204e01d7c"	"W709"
"22bb4bbc-e90a-481d-b0af-74e968bb0d66"	"W710"
"600aad11-f29b-4106-a622-5c04f5643812"	"W711"
"fb05e9c1-c9c2-4f89-82e0-1d5675ad7553"	"W712"
"adf49761-e785-49d8-9da6-44991c5f7ebf"	"W713"
"caa5a0cc-f8c6-4ccd-b258-2713f3149511"	"W714"
"26cfce81-bafd-4ab5-8d74-54a8831ea601"	"W715"
"1ff3e229-c1b5-4d47-904e-193c4b32aa9c"	"W716"
"5269ca16-6e32-44df-a672-0dc87acf11e9"	"W717"
"7ff265b1-15e0-4c91-9ed1-b377dc51e5b0"	"W718"
"84c50d6d-5537-40c0-8fa1-4e952d7bb07a"	"W719"
"6b663979-aaa9-4192-9285-8451373a2fab"	"W720"
"700495c1-e647-4b21-81f8-e771f00c7367"	"W721"
"9a088634-726f-4622-bb1b-e0891750e298"	"W722"
"e5ea2c83-2969-4d22-aa3e-0ab95c9acd18"	"W723"
"c3546551-4de0-4664-a616-6c8f2ca0713b"	"W724"
"9c9a82cc-934f-4ebf-8bbd-83a4270733e9"	"W725"
"b933d961-c9db-4990-9243-8c277524fac1"	"W726"
"d130405e-fb70-47e5-a7b9-c84d19575d85"	"W727"
"70f90758-08ce-4822-bff0-3ca965a956ea"	"W728"
"03aac62d-28bb-4306-806b-d28633976f4b"	"W729"
"1276af21-9cb2-4596-9812-b2380d735e88"	"W730"
"de971926-dd4a-44dd-8587-691f0bfe2fbc"	"W731"
"fd6b0ae0-921d-48c7-b27d-5312f476e6a5"	"W732"
"17318462-b768-490b-ad9c-d87973eb62cf"	"W733"
"25a5564f-1795-4d88-9dde-c5afde520b2d"	"W734"
"61d65416-b725-4b17-93e1-6c59970a1d04"	"W735"
"53fb89eb-d485-4b34-b523-88bb0c29c784"	"W736"
"d342788f-0603-4800-b84a-9e0047e77466"	"W737"
"c8db5c9e-f598-4807-8ee2-ee391287c7d0"	"W738"
"35cb787e-bdee-4095-a5f7-d628f2d8ef80"	"W739"
"e8b2e623-129f-4d4c-809c-5408607032bc"	"W740"
"80f72c20-6067-4424-b262-c02b8975a3a8"	"W741"
"70b2888f-6d94-4ec0-bafc-a9638e368bcd"	"W742"
"8672ca0d-b067-415d-ba43-163487adb1ca"	"W743"
"81809370-9deb-4706-8685-0fad9620292f"	"W744"
"4f99550c-eb6b-44ff-be6d-f941d7b58239"	"W745"
"ac06dc0b-d90e-4df9-85cd-6f455c0810e2"	"W746"
"27d251d0-0d80-457b-9dfc-c58ad0384d48"	"W747"
"964cba8f-efbe-49eb-8363-1255c25286f5"	"W748"
"67fde31d-0165-4c2b-8f10-21abc830447e"	"W749"
"3340360d-47aa-4a5d-936b-1b5987bb4451"	"W750"
"d456a348-a1cd-4aac-883a-46adeb5fd4b2"	"W751"
"84e58388-1f9e-49bb-a0fd-9ce75d43fdf6"	"W752"
"a74fb3e0-e7b0-4571-b1a1-7b55e4a68ed7"	"W753"
"253914bf-7452-4fe6-a9d2-4c6e70eb6bfd"	"W754"
"f54f33b2-f70b-41ad-b013-c88e012e0355"	"W755"
"e71fe816-f731-4ad8-b92f-44d7ecfb8d77"	"W756"
"5ad29598-8acb-4bfb-b299-45b225a1d5a9"	"W757"
"45515e5b-df8e-4b09-a534-578a423ca5aa"	"W758"
"f773b074-f03e-417d-b49d-7f6c6b901a60"	"W759"
"cab0ff38-217c-44db-8b2c-ef15f18eec28"	"W760"
"a4c65f69-dd39-44de-bc56-bbf0dd1e119e"	"W761"
"e576132f-9952-468d-bc90-35bfa577fd03"	"W762"
"843e2827-112c-4fc6-b040-687ea0c1de6e"	"W763"
"a22ad2da-444a-4235-887a-f10ac4674853"	"W764"
"a3240561-77d8-4ef7-a88a-72d5b089bc4f"	"W765"
"c014fb19-0b8c-43cd-a4f4-508001199ad1"	"W766"
"cabaa853-95f1-4a89-99d1-503ca89f424e"	"W767"
"2088e408-0da6-4823-9833-959c5e2cd96d"	"W768"
"036c74b1-20e1-4a80-ac51-c8cbd8820c8e"	"W769"
"5eba3034-d76b-41eb-b1cb-5d048c241ffb"	"W770"
"6f456934-8462-4997-8649-d0c42f8478bf"	"W771"
"57e1d93a-af3f-4e48-b42a-39005580ee8a"	"W772"
"bfc4b878-6648-4c2f-9d37-18d82418142e"	"W773"
"73623a81-e6d3-4317-9497-b75195494e5e"	"W774"
"af7c3cf9-1bed-4fec-bb82-3f2d167a8cc5"	"W775"
"7a8f98fd-0137-4500-b52b-7d8ab80edf13"	"W776"
"4c4328c9-40d1-4de4-a36e-30a754a3a0c4"	"W777"
"291dcf71-1f87-479d-8c06-cbf4dc610c4c"	"W778"
"6255dd75-5d9e-4330-aa29-f91dbcc29ae6"	"W779"
"3921cc4e-9a39-4b19-8116-26f7d90ac781"	"W780"
"9ecfae90-c5ff-4c16-914c-7fa34b520167"	"W781"
"9bcd7d25-ee25-47b3-b980-51f4e00ecb69"	"W782"
"57685efe-0ec4-4366-88ad-a0f55bc42f5b"	"W783"
"1f65c331-fb5f-481c-ad19-0a536cb9bd54"	"W784"
"a9ae89ac-9839-4c8f-9386-41105e0a097b"	"W785"
"70d6ed9c-4989-4a88-b80a-fefb2efd7f34"	"W786"
"6653644d-5a63-49b4-a2f8-4a1f6f62c332"	"W787"
"40112a61-83b7-432c-9580-4c74ce49657b"	"W788"
"48a9c0c3-8315-47e0-a0bc-5114c738d161"	"W789"
"e848956a-a931-4dfa-90f8-2fb921822138"	"W790"
"985177f2-7a68-4dd3-bff1-4266be260e95"	"W791"
"71fae068-07b7-472c-bef5-368f0e55d137"	"W792"
"7478deab-711e-4533-9cde-0211b6635e94"	"W793"
"275940a8-b12b-4faf-ab5f-03d4ea0aea6e"	"W794"
"44069f54-0fc4-4dc0-a245-5b35ed498aaa"	"W795"
"b37cf0a2-1c61-4067-b163-f1172052b1de"	"W796"
"93bdc9b8-b5a9-4e09-a484-ad8ba756e06e"	"W797"
"00456cb5-dd36-46f1-9301-f3bd6f30cd28"	"W798"
"dac3b44d-f5fb-4590-af1c-289265c981d9"	"W799"
"3923eace-d84f-4367-88ff-eb1a2aa33b47"	"W800"
"6130a7cd-343f-4c83-bd48-2ceed73a7922"	"W801"
"2eca1b01-0a95-4e57-9c65-1eb076937531"	"W802"
"a8659086-f767-4ea3-9579-db400ee48f1c"	"W803"
"eb486ff5-1921-4e3a-8cf9-bdc87723e129"	"W804"
"a24f19bd-bbe7-431a-b47d-4fbb58cb0551"	"W805"
"d8ea64f6-55c0-40e0-8186-b2232a9a1698"	"W806"
"776eb15e-532c-44a6-bc2b-efed51cf2c58"	"W807"
"d89affd4-6aaa-4419-a787-df1e18f408c3"	"W808"
"062a0b20-5661-4b0d-b7f0-5514343dbef5"	"W809"
"417cfbc4-a717-42ce-9e83-460142068312"	"W810"
"6a3bf57a-1a68-48f4-ad58-75d89df73c93"	"W811"
"a8eea351-b390-4a52-a0ae-87250505d913"	"W812"
"df730757-1992-4d86-9b18-d0a4796e1525"	"W813"
"1fa37b70-f73f-464e-9e38-fe02777dc6a8"	"W814"
"d4a03416-2609-42d4-b275-996858626d7d"	"W815"
"7190230f-f04d-4cf2-b2ac-d217fc0e58ff"	"W816"
"ac3406c1-d07d-4ce0-a581-97918ade0b97"	"W817"
"a056f553-c26d-4508-9cf6-d5d36df745e2"	"W818"
"5ea9a85c-2be3-4f37-9ea7-1d95caf18e45"	"W819"
"4dbe84dd-3984-424c-9b59-dc8fd367a83a"	"W820"
"05ba6674-3a86-4895-98b3-4a1365fbed0f"	"W821"
"8e8efd41-2835-4890-87ed-0701cc10f043"	"W822"
"1dcb981d-3233-49bc-8052-561a17ab0fcd"	"W823"
"a46b965d-ca59-4104-ac2d-3f28e138529f"	"W824"
"3b6963e0-6dce-4674-b4da-8d55cb4d3f21"	"W825"
"a2e0ca4d-a896-41be-af90-9c6b44064b5c"	"W826"
"088eb457-49da-44bc-baab-60dfb3562ca0"	"W827"
"635ae88b-8f5e-4d74-aa67-008ae73ecfd2"	"W828"
"d8f94746-02f3-48ad-b77b-ea03e0dc3027"	"W829"
"7730d657-1190-4d1e-8ea1-c5ba7f7b3453"	"W830"
"2f8bee50-5d26-4486-865b-eaa6ea25c682"	"W831"
"c420f503-c770-4a91-9875-d7ff1e071cd0"	"W832"
"73cad411-cef5-4127-9d31-4dda012562d3"	"W833"
"c844ca21-2172-4130-bdff-0420273d4ea0"	"W834"
"d91b084c-0c7a-4c80-9a03-dd29e7d62fb0"	"W835"
"d04cf5b7-9928-4c37-a7fd-8e42a48813fd"	"W836"
"2dd0e3f8-42ba-4032-92b9-7cc07c3d4a7e"	"W837"
"e442bc8f-3d02-45ef-98dc-5dcc31265424"	"W838"
"600015ed-80fa-4c93-96e6-23e061b036cb"	"W839"
"af1b8b3a-e373-47c4-a996-e919901e585b"	"W840"
"d9767b52-7415-4731-9046-877e77a6598c"	"W841"
"dabac8b0-61f8-4d3f-8724-050decdd205f"	"W842"
"b07182cf-9b08-43d5-a8e1-a829ec31ef54"	"W843"
"5aa6ba98-5a21-40a5-9a4e-f96195710292"	"W844"
"265a8cfb-8c91-45ad-8fe7-4ed89cfc143a"	"W845"
"91d00509-5406-44eb-adc7-7bb90ba85fa3"	"W846"
"e412f177-47f9-4e11-85c8-ffef3299be07"	"W847"
"2efed105-efef-488f-abb8-9c1d474f302a"	"W848"
"4313a3eb-1bb4-4707-ba14-14ce50adaa72"	"W849"
"df6ede33-24b3-4865-9e7e-bcdc004937e4"	"W850"
"c1874b26-7510-4062-a697-e6a0ded52d7b"	"W851"
"b737ac66-1323-4f67-b68f-fb850936b26f"	"W852"
"f6354283-d243-4681-962b-192fcf5ec0dc"	"W853"
"e800815d-5d2a-477f-949c-353564c262ea"	"W854"
"36f34871-d108-4aa4-b953-0bf942c391e3"	"W855"
"90d6ed0b-9957-456c-a09d-b355e07b3d1a"	"W856"
"21954338-78b7-49b9-ab54-e18cdbf76de2"	"W857"
"2a17fd64-a540-44ae-942f-8bf83dda89e6"	"W858"
"6f1b8dda-87f2-4622-9b0e-13ab408ff4b3"	"W859"
"d82dd9db-b977-4ac8-a721-cf2fc4b10828"	"W860"
"7f8443ed-2e5a-40f6-b8d1-66e4ad656842"	"W861"
"869cfdfd-9597-42fc-a47d-dfd5eddda2d8"	"W862"
"763c51a7-e0b0-4d2c-b2c8-a5d5b1846b95"	"W863"
"bb120bd8-9a4f-4fe7-b7bf-442b166bd0a4"	"W864"
"92eeb8e2-3c92-42c1-aec5-27b7a5aeada2"	"W865"
"4cbf3955-d1eb-4184-9bb6-f7b1b5178c74"	"W866"
"726aa5f0-207b-4127-bfd2-2707effe4faf"	"W867"
"f66ae963-66eb-4467-b42a-3eade49f03ac"	"W868"
"60f8f6c3-b272-40b7-a6fb-4457a4dc1c6d"	"W869"
"a3bb99ce-48a0-4c80-b228-1863ff9bb0d6"	"W870"
"7dc731b4-7f3c-4541-af32-0fb6a413fe0f"	"W871"
"fa081f9f-992c-4f1d-be6c-563b8dee7aee"	"W872"
"2bc64170-852b-4c10-9f05-cf9ba86bb3cb"	"W873"
"b10adca1-877f-41f3-9abd-3c49733c008c"	"W874"
"3617abf6-5396-4996-b939-d7fb91c34e65"	"W875"
"26143aa1-eee0-4480-a618-f380dddffe9a"	"W876"
"377cc129-612d-4536-85b6-02f9e6fa2bbb"	"W877"
"2d46b7b2-2960-47ca-9231-4646a549f0b1"	"W878"
"39d4f0ea-919e-4e49-a1e8-d9fe9825e512"	"W879"
"852f86ab-99d5-4a12-8341-0bf400ca7aba"	"W880"
"7c123bd6-4a69-4e45-8a7a-f65fec66a2cd"	"W881"
"db514458-b921-4051-b1a8-7fc5291a7da1"	"W882"
"e239d03f-8828-449b-8897-eaab7229ebdc"	"W883"
"7dbd8a7a-b82c-471b-ae11-f60b5f668afe"	"W884"
"2753195b-fd12-481e-94d7-63ae4af49182"	"W885"
"6cb21dea-1cd6-4688-b78f-c7ba02a88ec7"	"W886"
"ec369012-6e06-4643-b9a5-2b93ad0e97ad"	"W887"
"bcb2f11d-623b-4e1a-8dc3-0278cf209480"	"W888"
"309eadba-3afb-4c86-8eaa-5731b9688845"	"W889"
"b4cbea20-4e9c-46ca-99d3-40386240279f"	"W890"
"f75c5b34-d899-460b-8bd8-98ede8a44cec"	"W891"
"90c38ef5-143c-42ba-abb5-f7e998549e38"	"W892"
"52ad6259-d18f-4175-b9bd-1cffeafa2b29"	"W893"
"ed779155-2c11-4a8e-8182-6211d71caaaa"	"W894"
"6ef8a867-64b9-421d-9912-710a55b36a2b"	"W895"
"2c17bcca-ffd3-4e72-8e73-5524be2e8328"	"W896"
"bcd1884d-d5b9-4f41-a8ef-15b53d560685"	"W897"
"48694ffc-183a-4dec-91ea-4971036e75b9"	"W898"
"2a7b529b-f590-4931-919d-572f5faa7f1a"	"W899"
"de1c4d1e-437c-4018-9d8e-2762ac6e4f1e"	"W900"
"6eadafa5-2f13-495f-991a-142fb8b38c88"	"W901"
"11a6f2e5-1694-4800-bae0-f4033717d1bc"	"W902"
"b78ae29c-6d80-451b-9c20-bc1da56180ec"	"W903"
"42332749-96cc-4dda-af20-2ecb90a12185"	"W904"
"6a070576-3c43-43ae-870f-6b4624dd7152"	"W905"
"50409440-3684-4022-bd0b-24beae235911"	"W906"
"c4a195d4-348d-46ce-8701-35226d58525e"	"W907"
"7f7d82fc-17d9-463e-8c0c-153e6f1987c2"	"W908"
"d64d33ba-a40d-41bc-952f-55698ddacbfc"	"W909"
"99aa4f01-c811-4413-926c-b5e6f6bbbe16"	"W910"
"a8207b72-64f7-4c01-a9d4-a447985db156"	"W911"
"2e93e3db-dc3e-42bc-80cd-ab3b5b3c8808"	"W912"
"58097a7a-301c-4bf0-93bb-5dc01c34ed7f"	"W913"
"8438c247-bbb7-4113-8fb5-94b3851ff427"	"W914"
"00f91c66-370f-43b4-ad32-c4be3042d170"	"W915"
"0ae74640-85ca-454d-8434-9c9c9ffeb3fa"	"W916"
"eb62c64d-098a-4f4c-b0ba-5ca01eb1f812"	"W917"
"835b213b-5b59-420a-a53f-518009b118c0"	"W918"
"47fc2701-a98d-44f0-b5c8-46fb8283f3fd"	"W919"
"6cdf8487-84cd-4b4a-933b-c5dfb4d6f278"	"W920"
"b7d95ee5-5a32-4fcc-b06a-95ed5dfbf582"	"W921"
"2009a386-de1b-4d14-b75d-37b63da79df9"	"W922"
"0e7f3549-2cf5-46e5-b288-836651d7adef"	"W923"
"fc22f60a-4cbd-4ef9-81b1-ebdb9b934cb1"	"W924"
"30a59dee-c6cb-4e49-80ff-ef1b6be5a59a"	"W925"
"25cb9b31-8670-4225-b374-75f6234977d4"	"W926"
"cfa1ae92-1252-4020-b933-be79489cf80e"	"W927"
"0e54fe80-5d1e-4199-97f4-cf53c8e27972"	"W928"
"5cf49304-5b17-4894-bacd-e5e3c31d044c"	"W929"
"91854f5a-a80a-4744-b167-66816b2e4efa"	"W930"
"b6cdc666-68a2-46e8-9d0b-6ad8288dde4c"	"W931"
"ecac66c8-6ea0-4ceb-a464-c5164194f180"	"W932"
"2ecbe91c-bab7-4642-b281-2d3afd4e482c"	"W933"
"297dc3b4-2749-4123-b9b2-5a96ba432d36"	"W934"
"7b4ff680-1546-4ab5-b7d6-cddc15105492"	"W935"
"0008f64b-3d8b-4634-b8e6-443b0ebf6aa1"	"W936"
"95cbac13-a4d8-48f5-841f-e9df91f8c3d0"	"W937"
"c1194c96-3d39-4088-b2d9-3a75542bc793"	"W938"
"204081a3-82ea-43a6-a071-7a48d7c7c417"	"W939"
"2d808d3a-7975-48cc-861b-c4b3636dbed2"	"W940"
"d5bdd263-3010-4070-a69b-1b75d036e5a4"	"W941"
"a621453e-773c-434e-846d-e0482f536f3a"	"W942"
"b8559a18-aaaf-4351-9e1f-6fbf1411b50b"	"W943"
"3a6d7aa0-3cb6-4e7d-b3ee-138a5bbcc069"	"W944"
"c94d2443-4bc3-46ea-8b60-3fe48c7a8181"	"W945"
"538e1e47-6dfb-4921-b321-4f7441767cea"	"W946"
"4a8aa47d-5e3e-4799-9ade-4bd123ac7327"	"W947"
"1564c28f-85f7-482c-bbce-c2dfb695ef10"	"W948"
"3a2123ee-5fa6-487d-bee9-4ea0f0888de4"	"W949"
"14efea4a-faee-4a0c-8c84-ce12135746d8"	"W950"
"d0ad5d9e-3ed7-4058-8c02-90c7fb9d8ab4"	"W951"
"08f66f4b-3a89-452d-b845-a755ebc7e0d1"	"W952"
"f4508b33-1a9c-4a01-b1e7-89fc54600fac"	"W953"
"0e800350-ae84-4177-94fc-4dd2f01c4d31"	"W954"
"92bd11e7-ac59-4a36-b327-cb70c59e6838"	"W955"
"d16a7f2d-520d-48ec-b2a5-8283e9449b95"	"W956"
"92cd6416-9620-4586-81b0-7c9410f81aae"	"W957"
"b956431b-5d22-437e-82bf-89d47f0e4957"	"W958"
"6a2cc45f-35c0-436f-b1f5-97c11bfd2cf9"	"W959"
"d587e9d0-a821-46e8-a85c-5e794f53a87d"	"W960"
"9bd61a81-0cb5-4a55-bf31-f71a5dd93307"	"W961"
"91adc706-3b59-4c72-aaff-ea854509a694"	"W962"
"eb39ffbb-f8ef-48a6-945d-ccbfe42975cc"	"W963"
"3d7f3e4c-7eb9-4893-b499-97a9afc1c28a"	"W964"
"0f032814-f2f6-43e1-af5c-725ca93e8e4e"	"W965"
"e62a85a4-e55a-43a8-bde7-631ec577d87d"	"W966"
"df030998-1ddf-4496-a1aa-0762b8939137"	"W967"
"b0703cc8-6d12-448a-92d1-334318bf7810"	"W968"
"ce115720-b3d6-4518-a11a-fa2a2b314bff"	"W969"
"fef04e90-921e-4386-a494-3e0df2855c9b"	"W970"
"242ff4a6-0209-4edf-bdc5-bdb9ec1bfc10"	"W971"
"d33950ad-2e63-48b5-ac95-9447a6f8cee4"	"W972"
"8445d3c3-f7e2-4aa5-88e9-af2081f9c977"	"W973"
"954174bb-444b-42bd-890c-5885d14a5c16"	"W974"
"6db0b636-eef5-4106-86c3-0a8823ff8556"	"W975"
"eb36b483-a0cd-4d4a-b651-417ade13a1f4"	"W976"
"194ce1bb-3054-415e-8cdb-cf598a72049f"	"W977"
"0b69f594-3b33-4bf5-9c75-af1ffa0ee4fb"	"W978"
"7ebb2f90-8e6c-4cc4-86dc-6f2f7f359255"	"W979"
"e4f7b0e7-625a-47ab-8bd9-4c6b0f08e620"	"W980"
"c350303c-20b8-4105-a11e-aa935e9143fe"	"W981"
"778ed941-2722-4f57-8ef1-5d338f504124"	"W982"
"3237567d-0c0c-409b-9bc4-df74aeff294e"	"W983"
"20fd0b3e-b215-4d77-aef9-1da352991e4a"	"W984"
"1902841f-fa30-4dc9-9cf7-509ab3ad7faf"	"W985"
"b62b41dc-faa3-46fa-9d26-2cc977086ae8"	"W986"
"b5a43a08-7d37-4553-bfb4-8edabcabb64b"	"W987"
"09254469-43bb-48e9-ab1f-e5b87cc01801"	"W988"
"2e23398e-ae9d-4449-8bf4-ec3c0d27e950"	"W989"
"7d023cfe-1142-4e72-88c7-b914f8f7d0a5"	"W990"
"e88f0e96-5130-4f08-8c3d-4270aa3f8b7d"	"W991"
"1c59a54a-415d-453f-be69-95c8b2c86b03"	"W992"
"a3be5f4a-75a5-49bf-bb87-c02eb13326b2"	"W993"
"cd07d83e-6326-4de2-bd3d-c9afa4ef8594"	"W994"
"2963bc82-6a88-4c54-818b-00974a7c793c"	"W995"
"934bde02-d05f-4fd1-bf8a-95c924e84d81"	"W996"
"d7ef1849-a932-4615-9eab-a166f4b3cbc4"	"W997"
"a7dc2ef8-1d90-433f-827b-f008eb847e78"	"W998"
"2fe1a393-f220-4b27-a1d1-cfac5cbb67ee"	"W999"
"4abd32f4-10f5-49c9-ad0a-1ebf7b94036b"	"W1000"
"82e719f2-64be-4a02-8908-3fdff8a23d1e"	"W1001"
"23fd813f-4fa7-4599-bb05-9dc573e5eb8d"	"W1002"
"7e967fe6-8af0-4ff8-955a-67959a1a8c26"	"W1003"
"b9b333c5-5933-4862-9442-8fab5a241d74"	"W1004"
"bd52e746-1a7c-4568-9fec-98aa9eeebec8"	"W1005"
"cec11625-ba05-4c09-8b3f-4e0723299297"	"W1006"
"0086e185-6de2-4339-abe0-125ae8fc2de5"	"W1007"
"5ed37ddd-ee36-49cb-ad36-21a0f91e8a79"	"W1008"
"5d739d0f-2419-4330-9a02-91c65397da04"	"W1009"
"0e7199c6-77f2-4a57-ae3e-332d42d77d07"	"W1010"
"94ea1553-8ec1-4002-acd1-a86115980c03"	"W1011"
"f8beb74a-68c8-443c-a8a1-47aaceb8deea"	"W1012"
"00a42d8f-cee6-4935-8269-977892825fcd"	"W1013"
"6399afa0-1cb4-4c7b-818a-1770879d64c2"	"W1014"
"4297a6a6-3e84-4227-b7e8-44b6c19db488"	"W1015"
"1e77ee17-1e7e-4cd6-9991-c559a7c63b9f"	"W1016"
"f6e06973-ccc1-4af1-ac2c-e7a25a3b2f6c"	"W1017"
"cdde2f6d-901c-44d8-8f8f-a9906b81d9e6"	"W1018"
"49b84bf3-c778-4263-b707-d9eb867779ac"	"W1019"
"97f181de-939b-42b7-906c-aa13f496cebe"	"W1020"
"0886c9f2-73c1-41ca-84a1-e4da992eb514"	"W1021"
"c87349a1-276f-4807-9ec8-4624aacf2f0b"	"W1022"
"0452f6c6-878b-4ba8-9e63-18191a889bc4"	"W1023"
"6ddc3dbe-18f8-481b-8f02-169da0f82f87"	"W1024"
"a7820f20-31b4-42c3-9b4d-a3600fa2ae00"	"W1025"
"83d72619-9d12-49bb-978f-17c41f3917f6"	"W1026"
"b35db57e-5e29-4550-b65a-f0a6465bbe10"	"W1027"
"481dc7db-1b6c-4662-be94-cc67248d4275"	"W1028"
"b184ce65-8e8c-4f0a-9b38-dba5c3e6d5e4"	"W1029"
"32ca2f5d-3e1d-4070-bea5-d1e9e30c3474"	"W1030"
"2d089eb5-2931-4d97-a9f1-8aa03f75bbd8"	"W1031"
"df1f9e70-1e5e-4e17-936c-85f963454b39"	"W1032"
"d188820a-147f-40f7-9346-8e96c0ff4d28"	"W1033"
"1650ea80-1c63-4609-9382-29ac79d31c08"	"W1034"
"64045f5e-23e6-4326-8f03-1ee96acf5b49"	"W1035"
"57153383-4bdb-40d9-b20f-b2deb9a904d1"	"W1036"
"41b9feab-b491-47ee-be58-a5358137c0b5"	"W1037"
"d506063d-47f9-47de-8c21-d930f9df95af"	"W1038"
"6c38d84d-d711-4bf3-9739-bd937e45a8cb"	"W1039"
"b5e922ee-6487-4187-8eb7-7b42759e9f51"	"W1040"
"b8a7d763-bdcf-47ad-a946-f46ebd0b1e5d"	"W1041"
"31b65e82-b3c9-4e57-94df-ba1e0ddd1078"	"W1042"
"74fde323-8ae9-46ff-94aa-475ab6872d71"	"W1043"
"c7907597-393b-4238-bd75-b3ad9910367e"	"W1044"
"962f12b7-44db-4d61-9e89-54bebb4937bf"	"W1045"
"41f000d1-a989-4bde-af6a-ad1b6eba2b8e"	"W1046"
"ffac09f2-6a2e-4718-82cb-ed0e6a6a0554"	"W1047"
"26a4b5ee-10b1-45c1-9493-9946ad72fe5b"	"W1048"
"bb65fa50-2a7d-476d-ac64-890812557b7f"	"W1049"
"9f21a580-384d-4df5-ba1a-5b0c62cf0664"	"W1050"
"a4e5f6d4-04b8-4132-8b41-50245e8ebc43"	"W1051"
"5e2cc964-c5a9-46db-8dc9-b2ed06f745a7"	"W1052"
"e5eb0365-ead0-43d0-905a-eae951c7d3a8"	"W1053"
"8526a159-745d-45fe-8936-176cacc39b40"	"W1054"
"b5dff19a-e12b-4cbe-a1fe-aebfba45d787"	"W1055"
"dfad886d-250f-4e47-8303-48c4e6e6d27a"	"W1056"
"baf8bdc5-012f-41e4-8e2c-f143bdeb67b3"	"W1057"
"d5b19244-e1a6-450b-a945-938923ef350e"	"W1058"
"55f9bcf1-b955-4fa8-a1ae-930087dd1653"	"W1059"
"e11c0ad8-90c3-4363-bdc7-d1f24ad77664"	"W1060"
"9802418f-aaea-42a7-9f77-2af3f928bd43"	"W1061"
"806ed8be-ccb8-41ea-b232-89417bba0622"	"W1062"
"bba81f0e-4e3b-419a-9c05-d9a3ad87e681"	"W1063"
"94cdcca3-9c64-4d64-96f6-bd0bf20bf2c6"	"W1064"
"c0ce70d2-f861-4c29-998a-2e5fdf65af25"	"W1065"
"4204c783-1ea7-4877-8b41-f9406588d5cc"	"W1066"
"fef71af1-fa08-4457-9a1b-9330d7ca435b"	"W1067"
"2e9fd556-d5e4-4519-aceb-f9006912fe43"	"W1068"
"a0053f23-842c-4046-83fd-cd89be9f828c"	"W1069"
"4d531f81-dda8-41cc-bf69-810857cb6553"	"W1070"
"a942719a-a4c0-432e-ad57-64d5871f80fe"	"W1071"
"c56686ad-2c93-4389-883b-b5460ed93cea"	"W1072"
"7ae1ed5e-3e17-4593-bcf6-fa8f17e599c2"	"W1073"
"32a1b188-6110-4145-abaf-f740c8a27782"	"W1074"
"9272f601-1334-48e2-be1d-2b6278b69f3c"	"W1075"
"415703e2-311e-49f6-a7d0-76aa23860ae8"	"W1076"
"c0c2c466-b440-494e-a2db-69939bf8082b"	"W1077"
"fb342685-d81a-48d4-bea8-1fb9a6ca52b9"	"W1078"
"6286585c-6085-4b07-8e5c-450299ff3989"	"W1079"
"cdd46765-eb3e-4dfb-a489-8a19b49d9703"	"W1080"
"62510952-9d48-4870-9d1e-d2117c59cb97"	"W1081"
"66f1621d-3175-43d0-a285-ce1aa058d552"	"W1082"
"ccb8ae29-8332-4f69-b18c-2f7c95f1900c"	"W1083"
"3e913f77-eed6-4b89-8b9c-86ca263c8335"	"W1084"
"ac133440-cffa-40ab-9f27-bb02e609d160"	"W1085"
"33ae7bfc-f7ae-4892-8bb8-2624577455ae"	"W1086"
"7b5f89ee-958c-4fb9-bd4f-3896ffeb67bb"	"W1087"
"91777f80-0881-4c1c-be0b-eadeab271cc6"	"W1088"
"c5fe7d14-0d3f-45fd-bf52-3d51afc71f7b"	"W1089"
"1c2db115-8353-43f0-aaf8-a884a54fb67b"	"W1090"
"b15e751d-5ed6-473d-b5ad-d196b85f8ac3"	"W1091"
"304dc8d0-0bff-416b-a3c9-7f548e417248"	"W1092"
"1e20453b-1a5b-4dbe-be63-ee4f0089529b"	"W1093"
"0338835f-7b61-44ab-b333-c12e34d5f41a"	"W1094"
"2f6963f1-9e20-44ff-81bf-e1c8713488bd"	"W1095"
"e0f92f64-0ea3-4960-b21b-80e8741a7e02"	"W1096"
"20ea255e-180f-425b-9ee5-b061c0a61e89"	"W1097"
"c9090466-678e-49df-860d-76ddab515742"	"W1098"
"dec92fd7-a3f6-4785-82a7-23e12497a87d"	"W1099"
"1aa031ec-40fd-44b1-a3d6-3ddf0e90860b"	"W1100"
"cc69176f-658d-497b-8e8f-25fa2f3e9690"	"W1101"
"0b9cb5a7-9a0c-466c-a220-a82c97de7eb7"	"W1102"
"24967d04-51d5-46aa-86fd-c5625b3ecb27"	"W1103"
"df4d0c9b-ab59-4678-ac42-c5cce4f8327b"	"W1104"
"8f98da73-9c8b-485e-8ec5-dad9c8426ab1"	"W1105"
"10809df3-e96c-49a0-b321-576f9460f767"	"W1106"
"483b4df9-af57-4722-a57d-6b9a06ddffe3"	"W1107"
"636621da-7262-4f9a-b473-665c398f86c5"	"W1108"
"68767e95-ce94-4e85-9256-33c42cf18c1e"	"W1109"
"adc1ebd1-ff6e-4e5d-bc77-af1377018d92"	"W1110"
"4a72f68e-f70e-45d5-abee-51f07fa63068"	"W1111"
"d52114a3-798d-48a8-9886-0f8f634663b1"	"W1112"
"5f0a70e4-4b4e-4643-a10d-1e2e5c3fd5b5"	"W1113"
"87be2f83-987f-46fd-a402-a34ff6ac5f9b"	"W1114"
"655e30f1-1244-4558-85b1-c5b6c9090fc2"	"W1115"
"b6296443-04be-489c-8e0d-cc97f232c27b"	"W1116"
"51b32a98-097b-4e89-bdd2-82f5ef0d6c17"	"W1117"
"731f54b9-4526-49cb-b742-e5290a1a5282"	"W1118"
"5664c0f6-5147-4398-af7f-6c206cddbcdf"	"W1119"
"5773fe71-4249-4d49-8551-02dabd4b30be"	"W1120"
"4ef0f056-c019-41a9-97a6-e6890050737f"	"W1121"
"c197610e-559a-4959-941c-a8de559f86ab"	"W1122"
"50ed4d41-194d-4403-a273-676028399f3f"	"W1123"
"ecaeba3b-332e-4ed2-8bcf-2064a3e3a228"	"W1124"
"5c4df075-a55b-4a91-a44f-2bb00a39c2d8"	"W1125"
"21f05b34-46cc-43be-b5ab-0d7238806a20"	"W1126"
"15b9a57e-9113-4e6c-a070-7fa8430796b3"	"W1127"
"c858a063-b310-48e3-a934-b3d0d3f1dfd7"	"W1128"
"e30a7525-262f-4634-859b-865168187c6a"	"W1129"
"f4e0eb56-b4e4-40af-a6ce-a403c67c9318"	"W1130"
"8c4f100d-2db6-4052-8a5a-f529e1dc654d"	"W1131"
"2c2a0feb-b9f9-4f49-97ff-ad514b72122c"	"W1132"
"4f89ba95-b43f-49bf-84a7-fec9583d5b49"	"W1133"
"5dadd75f-8f55-445c-91f1-05f7a7d078b0"	"W1134"
"72c3a453-6187-4f01-ba3f-b160dc7a6096"	"W1135"
"e24fbfc5-4e00-4778-a98a-895fab867977"	"W1136"
"3db32aa1-5277-43f5-847c-2473ac7ffb9e"	"W1137"
"2667d3d6-8a1b-4eb4-a8df-c1a1b354dfb1"	"W1138"
"489d73f7-d0e0-41e2-a60c-eeb71732a575"	"W1139"
"51f8231d-3734-4669-8b78-588c03d4eb4f"	"W1140"
"d59ab933-90cc-4cf1-b27c-f014cefe8e7d"	"W1141"
"4f00bd89-2c0f-414b-aba8-8ebf995a00c6"	"W1142"
"da1808f6-b013-4ced-a6ff-864f4636b8e7"	"W1143"
"01cde3cd-8c76-40a0-be3d-4e4536f9737a"	"W1144"
"0b98a4de-7f32-4439-b116-d60e9f386db4"	"W1145"
"8d439c9f-7bb3-45c0-b821-96d3bc8e6f65"	"W1146"
"0e2b27b9-e34c-4c12-b45b-0f35c865c58f"	"W1147"
"13c4ef6e-6e7c-4a46-ba23-7e550d92c055"	"W1148"
"24cb700d-e0fe-4d63-a224-98d40d9d7f02"	"W1149"
"96dd5457-3011-409a-9785-a2a2a138a15b"	"W1150"
"f23403e7-6ccc-4401-8b80-97626d4da596"	"W1151"
"1bdc10b5-fcdd-48f0-84c9-785940481246"	"W1152"
"ff69de41-2b95-4938-9490-d9dc4292092c"	"W1153"
"f27fda57-cf71-4f68-94bb-d0972668fe26"	"W1154"
"4f9ba2e5-92ab-45f6-842d-066a77043dc5"	"W1155"
"c049cfb8-b5e6-4dfe-8c4b-57fa7053f0c7"	"W1156"
"9a32ed1f-b6a1-4ea4-8667-2d761d54c2f4"	"W1157"
"ac02d2f9-80d0-4b6a-80a4-32858354af11"	"W1158"
"d5f6a59d-81e3-4d48-8c9d-b978db3b05c2"	"W1159"
"1891b078-9e5b-4594-9ce4-3f8a5e20ac2c"	"W1160"
"ccf7511b-1d25-4772-8c28-e629c64292c9"	"W1161"
"78ab2df4-bb47-450e-83ef-77b7dd848c47"	"W1162"
"b4b5d65b-c11d-49c1-b3f8-c93a58ef415b"	"W1163"
"b77db8ce-97b5-420e-8b1b-3b318d0c9e1e"	"W1164"
"a94a90ed-5cef-48b3-a07e-09c9cd62a4a2"	"W1165"
"78843748-7dc9-4c9e-aa64-cff33ce281f9"	"W1166"
"0097c44c-8464-45a4-aa22-9dba499ad452"	"W1167"
"839dc1b9-6467-4915-94f9-64ee9d2a7cdd"	"W1168"
"58131263-163c-479f-94e3-bd97024f1c8a"	"W1169"
"0af274a4-acca-40ad-86ee-2a925339aa4b"	"W1170"
"f12fa877-fe36-48d7-9eb2-3579882d493a"	"W1171"
"a33104ae-ff0f-437a-9798-775c4eff1868"	"W1172"
"09735973-80c3-4434-a7e9-1ade8a960f28"	"W1173"
"ccdc2960-6982-44da-b7ad-b062d74f875d"	"W1174"
"842d913b-3102-40b3-8979-474e9a9b2c80"	"W1175"
"6cdfcdae-56b8-4f36-ac58-a7e63f7cdaca"	"W1176"
"eba28013-a03c-449c-8317-1af933aed580"	"W1177"
"80b8a638-64f3-4c34-bc5b-6af1c33415df"	"W1178"
"41f7d62a-3122-40f9-827b-0d8a1f5d022e"	"W1179"
"e1e3bfe5-8197-4429-ab6f-dfddb81458da"	"W1180"
"4920fadc-c7e8-473e-aa55-5a23b041927f"	"W1181"
"99cfb7ca-1f36-442d-9020-333739951c72"	"W1182"
"ce4c1e72-ca1b-4903-afd8-590c7859ac15"	"W1183"
"d685848c-ac6f-4f7b-a35f-972ae8635571"	"W1184"
"5e7d9a9c-106c-41b6-8454-c10d80ff9baf"	"W1185"
"aad42c7f-1f6d-483d-8a58-ae84621c92c3"	"W1186"
"f5ed6552-636b-4d9b-8c2e-738caa13a15f"	"W1187"
"82ebadec-1d14-447c-a8a7-13f441e47f4d"	"W1188"
"141c3a73-108a-4597-b7be-d66066f51ee2"	"W1189"
"781dc726-74b3-43e3-bb3f-e6fc951fabc1"	"W1190"
"7761318d-26da-45f2-88bf-342a794b4b7c"	"W1191"
"7ab0139a-425e-46f5-b086-b215d3b5c623"	"W1192"
"2db622c6-e1e7-47fe-84bc-ed87ff9e75af"	"W1193"
"0fc2ae9b-beec-4c02-bc68-95499f183c01"	"W1194"
"79f0dede-edca-4a24-b3ea-df6f1d70a50d"	"W1195"
"0932abbb-f532-4357-8735-5077ad1de4fe"	"W1196"
"075b0bee-868d-402c-8729-72448d42a2a7"	"W1197"
"9326a976-824e-404d-9fd1-18d3662267a7"	"W1198"
"ad79e8e8-84f8-41d3-893d-7394a9635638"	"W1199"
"fb85abcc-a390-44c5-869c-add67e382b29"	"W1200"
"c2e7807a-98e0-4dee-ba29-f5a7f531d6ad"	"W1201"
"a6788a05-0bc0-4206-aef7-a9b7bf3adb3e"	"W1202"
"2986d970-8700-4e41-8c74-8d65ba820ff6"	"W1203"
"3f65364b-1f35-43d3-af8e-c17a39049311"	"W1204"
"367d5966-f97b-4d7c-aed9-86011076cf52"	"W1205"
"4057c06e-d74b-461b-938c-e5a25eab3c1d"	"W1206"
"6273f863-9a74-496c-9448-fed28095ec49"	"W1207"
"2d656403-7bb1-412b-901f-59f3d2f18dba"	"W1208"
"35503dca-1d0a-4e29-8a73-92cef05bf730"	"W1209"
"811574d7-589a-467f-a1f3-69d1016602f3"	"W1210"
"56fa7163-589b-4c3a-8219-647b318233cb"	"W1211"
"dc24a792-639d-4a90-aed6-d77bc760e6b5"	"W1212"
"f24ca5c6-866f-4f84-a888-64e98bf52cb4"	"W1213"
"e6774e92-bf09-4d2e-9aa8-5f9007a6fb2a"	"W1214"
"cfcd351a-9976-4684-af44-264bc9c02d69"	"W1215"
"7ce63c7a-153a-40a9-b30c-a818cf9bb222"	"W1216"
"527dd8a9-0101-4cd5-9bfb-a9fea4e44b0a"	"W1217"
"d8947a93-9708-4bae-a9c9-84c4c7da5a23"	"W1218"
"f21780b1-af1d-4d42-8680-76554bfe327b"	"W1219"
"7d01a7e1-0f70-4ff3-9de0-fdfac9a0bff9"	"W1220"
"18a88ffb-740b-4b1f-82ac-b084321e1338"	"W1221"
"ae513733-cc04-45d1-bd0a-eabdf74e9213"	"W1222"
"1f8dfcf0-0a37-477e-8668-12423cfa773f"	"W1223"
"72b8a4bb-4235-4211-966f-127365d771c9"	"W1224"
"24ed6be0-ae0a-4192-844b-7381bbd31718"	"W1225"
"59cb3e9b-b144-4a90-ae46-110af3e476af"	"W1226"
"bb027771-cf34-4add-8f03-a2561b6f8ab7"	"W1227"
"3a3c5fdf-338b-4ae0-9ea5-38eccfb48759"	"W1228"
"bf958890-03d0-4f74-aabd-bd70334a2483"	"W1229"
"f44eee95-d5e5-47a2-93da-b5005bd6ca8c"	"W1230"
"590b0f72-eb50-44f3-a6c4-4a4276293163"	"W1231"
"2601a241-7ac0-4e6f-85dd-e651852f6433"	"W1232"
"ee506b8b-b0f8-4d2f-82f1-15445e47b4c0"	"W1233"
"dd80f777-69f0-4aff-b7f9-1d7a253399c9"	"W1234"
"da51d9d6-fdea-4b0b-83e7-67a20fca4bee"	"W1235"
"59a5fe55-c41f-4e58-bb7e-30e1e13d8572"	"W1236"
"4c1eda15-648b-49a4-90df-47c6898fbeef"	"W1237"
"74fbbe8d-24d0-4e33-8eec-00124bfa99dd"	"W1238"
"bf811117-19d0-45b8-a712-d0bbd6376e46"	"W1239"
"61e00ef8-cc07-43b0-934e-4393e71f8cae"	"W1240"
"1b2951b6-4dd6-40fe-ad3b-4c7ad002cc35"	"W1241"
"d3317329-adcd-40d6-8dd1-d9228b5f09d5"	"W1242"
"c9248b0b-1552-4ede-adc2-5b0d2316a3d4"	"W1243"
"af4dd63a-087f-4325-b6ba-56fe0408e461"	"W1244"
"feeef862-4a5b-4662-992e-01f43ba90f69"	"W1245"
"c1922afd-0d8f-4c06-8843-956ec34de171"	"W1246"
"2b0555bf-5a31-4fe7-ac86-be510bd08cf6"	"W1247"
"84a4a084-741b-4a12-bd39-adba48916a00"	"W1248"
"0d7fef51-487e-41ea-95aa-9a73175c9ad1"	"W1249"
"f0c47561-4443-4f4b-8397-58ad477e2148"	"W1250"
"82e364c9-d706-4ed2-9a50-8125c4316e89"	"W1251"
"631e3b83-522d-493d-bed2-8bcbaa550fd4"	"W1252"
"f55b19f5-2e6e-4ae5-b06c-631ff93727c9"	"W1253"
"492ac77d-c424-453a-8c70-8664298eecd0"	"W1254"
"b8010c6a-5151-43f5-aa7b-cf379afc8309"	"W1255"
"8e4c56aa-9268-484c-b6ab-b884d52b729c"	"W1256"
"f56356eb-5a34-4891-b035-5dbd18b83278"	"W1257"
"638afe97-0baf-4ab6-9391-b2281a16bbc8"	"W1258"
"2e9094fc-17f2-4b99-b473-68c59c177c51"	"W1259"
"d484fb5e-90b9-472d-86c2-38ecb6e72504"	"W1260"
"1df7d7b0-3f53-45ee-b97c-02cd6378dc74"	"W1261"
"0bd7964b-0af4-4fb8-871d-9521861e4967"	"W1262"
"98745c5e-7d97-444e-88d0-b9a1c4852b49"	"W1263"
"aa836661-1534-43cc-a5fb-0a686bb1afeb"	"W1264"
"f6cb5dc9-fe59-49e4-bf0d-1aa8d987462b"	"W1265"
"40743a44-2488-4b25-897b-9093866c1727"	"W1266"
"afbb2bf1-379c-476c-ba71-aa251418385d"	"W1267"
"913b571c-68f1-45d2-bd60-ffdb09e058cf"	"W1268"
"7792718c-a694-4ea6-865d-74022b55e149"	"W1269"
"09b2cdfb-ab18-4a25-b66a-10f7b44a31d6"	"W1270"
"80ea6e1f-57d4-4777-885f-3212feff7476"	"W1271"
"7af52b07-c73c-4108-a5a3-fcca96f7f364"	"W1272"
"10d39d4c-e577-455e-b8c4-2a2abc17e1b3"	"W1273"
"e9320000-bdf9-4bfe-8fc8-62a8a74a7c91"	"W1274"
"ef3d2c41-e601-48ab-bedb-c30bbcc07c1a"	"W1275"
"4dffd77d-ca75-4505-a2e9-97769219d39b"	"W1276"
"2c04e0bb-4b2d-4d6d-844c-e3317dfa48b9"	"W1277"
"5e150c4e-20b4-4f97-8b49-2821174f4a31"	"W1278"
"40930cb5-1fbe-4844-808c-f1c80b4bb76f"	"W1279"
"da1d6863-5d18-4664-9d27-1f60c91f9094"	"W1280"
"74e802ef-feed-494f-a90e-090ac8bac6fc"	"W1281"
"39cc44ce-e751-43ba-b111-a840985c3992"	"W1282"
"12f9fa30-c5f3-4765-aee2-f156702737bf"	"W1283"
"41713902-a1ec-498d-b77d-6327e65ebee9"	"W1284"
"641f9eec-b6e0-4baa-8fb2-e3304db4c7bc"	"W1285"
"effd38af-b6b3-4d29-9384-f9b9c60df8c6"	"W1286"
"2829fef4-3165-467b-ba98-53fbd41f9a50"	"W1287"
"fb74a5e9-96b2-4363-900a-e55345fc7d8e"	"W1288"
"b332f406-5779-4893-9a4e-6e72921d8386"	"W1289"
"5aafb1a3-0a55-460a-9124-f8c0182e8611"	"W1290"
"05492392-7104-4c4b-b5f5-f045d2804fe6"	"W1291"
"47955102-57a8-4088-ab48-ce1f8bd3c700"	"W1292"
"dc7f44d6-295f-480d-a353-52dba07467b4"	"W1293"
"b6a5187f-b575-4c2e-a65c-a5de6e1d34b3"	"W1294"
"f1f7f337-dc3c-4b3b-9b04-e50010a64ef7"	"W1295"
"68804689-e998-4909-998d-1506c34a473f"	"W1296"
"b90d46fd-20cb-429f-90ca-b29402685f0c"	"W1297"
"071446d8-be2b-4541-9f69-bd5ad1d69ed6"	"W1298"
"ce2f9b55-24fe-4c83-8164-96aa8e9b95a5"	"W1299"
"ad628178-accd-46b2-940e-66bae9bd424b"	"W1300"
"4c1d1b36-67ec-4458-952f-3cb795137846"	"W1301"
"df699e5b-3110-40f3-a8e4-b8e9dd9447c2"	"W1302"
"ed720a19-b8a8-4029-b41d-949bd7ac546f"	"W1303"
"8b49b211-3a8e-41e5-baef-9f49d0a403a6"	"W1304"
"5837a4da-365b-45c2-9e2e-baa2ced7ea8e"	"W1305"
"cf9395c6-451f-43a4-9b01-b77409894818"	"W1306"
"b850b134-fab0-4848-871f-d8aa6057e4e3"	"W1307"
"27c3c183-62a4-436c-9ecf-d3ef25e29046"	"W1308"
"c98dca23-e291-48a6-a6f1-0badbec9555d"	"W1309"
"4a135801-8a94-4375-92fd-b01f697297e7"	"W1310"
"7e300144-e72d-4fb6-9268-78254e7b215e"	"W1311"
"ed2f88c1-ef92-491e-9564-8b320195797b"	"W1312"
"187be51f-f9ad-4120-82ca-cd0d6e5189af"	"W1313"
"ebff379e-2bd4-478a-adfa-b8f8a4ea8051"	"W1314"
"e85910ae-ca21-4834-bcc2-35df4340cbc4"	"W1315"
"224a3965-5c88-4bf8-a4e4-20aabe02afe9"	"W1316"
"24579fb4-bcb3-4194-a1e6-074c11486e7d"	"W1317"
"b675edb3-8b4a-491f-89fa-0775aa6d8352"	"W1318"
"89f741ea-c2fe-4d82-92c8-5d3c2682d7d8"	"W1319"
"cb0b1576-0ac7-4d61-a784-d48957e0daee"	"W1320"
"0479d2fd-af06-4da5-86d7-57b7f39bd8d0"	"W1321"
"736640c6-025d-4004-a9a1-441eb1ff597e"	"W1322"
"11dc5c0c-d0e2-4394-ba64-4600cac77e38"	"W1323"
"54269e48-c1d2-4912-b923-1dd8a2281dba"	"W1324"
"7bbdf659-004a-4754-8ee3-c6bdf0f634f1"	"W1325"
"431e0f15-257b-43f6-95f0-962e9139a36e"	"W1326"
"2d4e095e-bc8e-4383-8492-25da52817fdc"	"W1327"
"e4f84fe3-33d0-4507-a989-bf4349bf307f"	"W1328"
"37f9e20c-d8e9-42f3-91f4-5fc71e01ac49"	"W1329"
"6e942081-495f-48e3-9870-e88213ddcaef"	"W1330"
"d637e97a-92a3-46dd-84d0-d0143de17a7c"	"W1331"
"b3e956f4-4e59-4d76-9517-6bddd202d94d"	"W1332"
"fd7050c6-c6cc-4829-b911-888ac129b56a"	"W1333"
"896bd0d7-1190-4e7b-b1c7-9ee9db3ecacb"	"W1334"
"31d51e1d-22cd-492a-a855-339073c68beb"	"W1335"
"352af9c2-c7b3-4dc2-8d73-75ed837996f9"	"W1336"
"21d8605f-4425-4693-86a9-ad26f4d783c7"	"W1337"
"84bbcdfd-b45b-4dbe-ab35-d936cb5f7154"	"W1338"
"b19d9c82-7f64-427f-8047-234b17cc2774"	"W1339"
"50f007f1-79c3-4e1c-af79-d7fe6f89e2b6"	"W1340"
"0c9fba17-3bd4-44a9-b967-aba6ea5d9dcf"	"W1341"
"1affc2fd-caa9-4e38-b656-d26c5f8319f4"	"W1342"
"09e82379-1541-4d24-9685-caef53cb4a85"	"W1343"
"9685d0bf-f90e-4d85-b81c-a12ded9a9004"	"W1344"
"28038aeb-9236-4bb1-995b-d4926104793f"	"W1345"
"f7367200-dc2e-4446-a311-a05add73452c"	"W1346"
"5a12901b-e459-4cb1-b29f-2f4742c084a4"	"W1347"
"5fbb2df2-966f-4ed4-8331-798c7ecb85f8"	"W1348"
"61ff81e6-d8dc-4517-846b-fca2ae37b12c"	"W1349"
"9a0b578a-a88f-4e84-9a37-40bd5bf4c245"	"W1350"
"fe7c0510-a8de-4bdb-a9dc-7fc004bfaf39"	"W1351"
"f188982a-a68a-417c-8c20-54409b78fcdf"	"W1352"
"a841d76d-78f3-476a-a3bb-c6ceb98ab819"	"W1353"
"ee0602f5-4874-412c-b25e-cc34667faccd"	"W1354"
"46a12567-fc5e-4047-ab9e-b61ddeb3f33c"	"W1355"
"a3152a45-3b30-4350-99ca-67bc65cbfb82"	"W1356"
"47150875-d294-4a30-b091-5c2f886ee62a"	"W1357"
"f2d6ce9d-2494-426e-8687-ef69ad1891f6"	"W1358"
"a671c06e-699a-49d8-92fc-2c92b2025516"	"W1359"
"7c7213ae-2551-4b66-b2c8-7398372b7d06"	"W1360"
"85f11e02-3711-4f32-ae58-5e396c310a40"	"W1361"
"84c5d9bf-c3ad-4e6f-a019-4ff337e66b86"	"W1362"
"f6a881bb-9626-49d4-babd-d18154d02315"	"W1363"
"9a9c93bd-314f-4b9f-91f1-08eed975acc9"	"W1364"
"86f69a93-5816-4175-8338-f17f5373ca1b"	"W1365"
"9f3be553-3607-4705-8b69-e633a44aef92"	"W1366"
"9f260c2f-6174-45c6-b130-ddd3d2b9bd27"	"W1367"
"35e21a08-d387-4827-9c42-50cf9da71e19"	"W1368"
"1e1ff217-9f3f-483e-a69e-e12164df825c"	"W1369"
"727426f6-135c-4c9b-892f-f89d0b2057dd"	"W1370"
"51c44109-c5a8-4009-a22e-a5499d25b8ac"	"W1371"
"6ce1ae71-2836-422c-bda3-fecb7c3ee6e5"	"W1372"
"80b38db5-0883-4ca4-9c9a-38925f0cd570"	"W1373"
"d6b9543a-0863-4931-a03c-ac8fa3cdbb0e"	"W1374"
"cb0a22fe-6592-4521-baea-cfa7bd090e26"	"W1375"
"ff906667-5df0-48e0-a0ab-4789541d0b72"	"W1376"
"c9eab276-9ca0-457b-8298-fbf7508d0fb3"	"W1377"
"5fdf8999-184b-489e-a2af-20de6ec16728"	"W1378"
"8fe17b74-74e3-4f6a-8cc2-0038aee7a461"	"W1379"
"135df812-9893-4e71-baa4-47dd603207a9"	"W1380"
"7bedcc68-d8ae-4752-92de-64de83f0d66f"	"W1381"
"6e06dac2-ca79-467f-8b8b-02a09bcfc83d"	"W1382"
"d50b8f2f-30f0-4f7c-b7ff-4e832b9441e9"	"W1383"
"9d62a223-0d0a-48b5-a48b-8288ac13b4db"	"W1384"
"22edf09e-e762-4381-b641-0b0bb1293d2c"	"W1385"
"ac130db8-e80d-466b-970e-098f7b34138f"	"W1386"
"f0b28745-1f2d-45a1-b213-013d5a2786dd"	"W1387"
"ae59458b-b717-425c-ae7a-d9ca82ca52fa"	"W1388"
"7b260893-aee2-4382-99d4-31cd7186af83"	"W1389"
"48274994-923e-4c2d-aa35-52466ddfb512"	"W1390"
"219204c9-b09a-4881-9c7c-6e28e75f6561"	"W1391"
"cfb2d367-e5ee-41f6-add1-613d0eabb0f8"	"W1392"
"089812aa-2274-42c9-9745-e4fe657e0db2"	"W1393"
"a67effd4-55fe-4601-8af7-f3c6fc8abde4"	"W1394"
"55600172-d2cd-4da0-90a7-f1976e7addc3"	"W1395"
"4e833149-4e45-45d4-b06b-20c09d6242e6"	"W1396"
"89c08317-24eb-4c2c-aed6-f70a53eaedb8"	"W1397"
"ab0fb257-e383-44ef-a0bd-99198b247da3"	"W1398"
"6ba7134d-3a71-4e26-8a13-1aef482a85c3"	"W1399"
"362845c4-25e1-42cd-9190-dfc0ea1135d6"	"W1400"
"4417b693-12b2-4ebc-80a7-c7938324758b"	"W1401"
"9b9fb671-d654-4c01-a1f1-f5c921cc9080"	"W1402"
"50ef66a9-df04-46eb-adbf-0732908c15fd"	"W1403"
"105582d6-4825-4ce9-985a-b580e37fd87f"	"W1404"
"f51c4e8a-98fd-431c-8016-5c485dffca9a"	"W1405"
"3aa8419e-07b1-476d-afe1-d5d8fbb54530"	"W1406"
"248c57ea-0345-4be7-974d-5c628181ddec"	"W1407"
"f6989dd2-2b73-44c2-86cd-083e0b67d639"	"W1408"
"56da731a-575c-46f1-b1e9-67b14cf83e1a"	"W1409"
"b3d23894-4ca4-4d64-8366-5e82f6bf98db"	"W1410"
"931eaf41-1f78-4eb4-b1cf-7478badbb3df"	"W1411"
"e1b6e809-0b65-4ba9-8e1e-081e94d70678"	"W1412"
"c5517710-4842-4eff-a0e6-bc7e181cb385"	"W1413"
"7bea72ad-9a7b-4dfb-9dd7-e995fbef016d"	"W1414"
"a1260023-e7d3-43a8-a715-45096789165c"	"W1415"
"73f739f1-de92-492a-84b7-57aaef962b50"	"W1416"
"3f86775c-e953-4dc8-afc8-bc4a11be13bb"	"W1417"
"ac36aef5-2d09-4ac4-907f-ab5ad5ee8c10"	"W1418"
"81b969c0-4505-4da7-8055-2f2e76c6f5c7"	"W1419"
"0de9c9f8-3f7c-48a0-a784-2a3223eed69e"	"W1420"
"bec2a168-8006-49f0-a175-f90f11e0c24a"	"W1421"
"211affe8-f65b-4c0e-a383-c9b5ee84d532"	"W1422"
"65182ef3-0c37-4b87-85a8-a971584a1c59"	"W1423"
"19a55ba5-c624-49b6-80fd-f105de3bd834"	"W1424"
"9a1b4108-536f-452e-bf52-58ed685ce0e1"	"W1425"
"d60bc663-51f7-4a55-89b5-26c144f29e29"	"W1426"
"1e0dc4ae-465d-4e1b-b3a2-147298f209c0"	"W1427"
"7caddcc9-e601-4f5c-a852-5641754dcd41"	"W1428"
"3821e443-caa7-4506-86d4-df960a30d3c1"	"W1429"
"11f3412a-51bc-4bd3-acdd-4b58f63d2d71"	"W1430"
"6311b730-5e4f-4381-8956-37cb59605184"	"W1431"
"0c49d4bc-ec90-4948-8bb3-a87c2012f658"	"W1432"
"ba8e34dd-520f-4e8f-a46d-2b7894d2179f"	"W1433"
"117245d9-9796-413f-bae8-db2f1b91fee8"	"W1434"
"fd192e26-fb1a-4f0f-bfd6-1b948c7ffbcb"	"W1435"
"7f467542-fe8e-4011-bccf-402e2506f805"	"W1436"
"2610bfb7-8357-4f8d-87f3-d006ddd70eda"	"W1437"
"a8754192-db55-4345-a4df-04fca1035771"	"W1438"
"a2a64073-c794-4310-a40b-b9b69831cc08"	"W1439"
"73e68afe-1307-4ce0-a384-b3b955d5c7c5"	"W1440"
"b1552c77-a68d-4801-8e99-a46fb763bc2b"	"W1441"
"e8c9570c-a7cb-47a5-913d-d8143848822e"	"W1442"
"9c761589-c0ee-40b3-b412-76bab0059829"	"W1443"
"fb9dc855-2be7-4e30-bdeb-49ed77aa2ebd"	"W1444"
"958578da-7601-4bd3-9d0f-c00fce029a9a"	"W1445"
"7e78239e-e341-4cad-9fec-14a849beb6cb"	"W1446"
"3d57bd13-e80a-4d24-905b-c5b14cf22471"	"W1447"
"9c1756bb-5535-413e-ad54-5cfe6f58fa5d"	"W1448"
"f6a9a9b4-fc19-4eb7-913b-e3ba9195c773"	"W1449"
"4960a071-e955-4c08-8deb-2f2c05c15f5f"	"W1450"
"4bb07534-8356-4aa8-9fdd-759abae86fbf"	"W1451"
"0407eb0d-a70c-490e-bb1d-5e9506d9d114"	"W1452"
"12d04066-f7e4-4950-a343-43adbe7210cc"	"W1453"
"07f80101-393f-4eb0-be2e-5d57957c283a"	"W1454"
"b229e9da-4d44-426c-b576-3c0bd3ef8f8c"	"W1455"
"76d8d923-a027-4bea-a3da-863af578018d"	"W1456"
"2fac22c7-1638-44d8-9493-fa23da438391"	"W1457"
"8d4271a2-771a-4c68-bbbf-0551d7d665b4"	"W1458"
"ae2776e2-e274-4f05-a9e6-481af76de1e8"	"W1459"
"e45e1212-2c1c-4dda-bdfb-6d858ffc7247"	"W1460"
"074cb74d-9544-4319-b503-c74e03a437e4"	"W1461"
"d116b818-e65d-4f85-9146-9c0a1d36e32b"	"W1462"
"d16d1691-ab45-4678-b13a-ae8f9b24c3ec"	"W1463"
"b2eb569e-2053-4d28-a25e-7965fa6236d5"	"W1464"
"781d8669-2db4-4671-85e7-66e40b9a37b1"	"W1465"
"7148df5e-2b49-444c-9372-172e2e2db216"	"W1466"
"fe3bba8c-feb2-4363-9cb8-fa24c5ae98bb"	"W1467"
"0ef505f7-2120-48ef-a2d2-808819533cc2"	"W1468"
"5eb1d0c6-8948-4889-bf87-42591e0e1566"	"W1469"
"0ab78ef0-b713-471e-bae0-8e060aff173c"	"W1470"
"072a1aff-4df4-4b25-a2c3-a9415de2acf0"	"W1471"
"4630792c-111f-4ad7-976b-07a13d5464bd"	"W1472"
"1a617e72-0fcb-459b-a8f6-61df3ef02105"	"W1473"
"2d0029f5-2ea2-4462-a3ef-dd9bd904da2c"	"W1474"
"eb427e16-add2-48d0-baa6-2aa1deba74ef"	"W1475"
"b1592429-bc06-46e1-bc15-5e3675a9f9f9"	"W1476"
"3cd0b9f9-577d-4d1f-b1b1-896007855125"	"W1477"
"22e7cbe7-168f-423c-8849-7a60238c1fc4"	"W1478"
"27b3d17f-23ad-4dcc-ad91-482e051558d5"	"W1479"
"269a2b9a-ae5b-4196-a1c0-65698cc4a0c2"	"W1480"
"2cea66a8-d469-4df7-93ba-e118711500c6"	"W1481"
"67f4865b-9397-4a08-ad1c-139a0af2fa13"	"W1482"
"395cb464-cbbd-4e68-bdbb-b6629e8c9448"	"W1483"
"72dcf9b8-487c-4298-94a7-cc1e29574768"	"W1484"
"42f99077-758f-4166-91f1-447ba986cb21"	"W1485"
"a1d74673-c2c7-4caa-a270-fd1f1305eb33"	"W1486"
"1c0cfd29-2907-4320-a26e-72e0b4c65c35"	"W1487"
"95ab01a0-374f-4816-90c0-21e45deb65d3"	"W1488"
"a8dfbbc4-063e-4595-80b2-b2016a3fc44a"	"W1489"
"0d258df5-8d42-4374-b486-b82665e967a2"	"W1490"
"fb8e570f-388c-4067-aa3e-7fd3b4ba8821"	"W1491"
"cd4201f3-cafa-43f0-9ea1-f727edbbb022"	"W1492"
"40886227-4f5e-47ef-95fb-f3e3c57708de"	"W1493"
"31fcffca-ad75-4728-aeb4-cb08c53a42fe"	"W1494"
"9c52d318-0caf-4523-a5a0-351bf0554c1e"	"W1495"
"a536079b-09f8-43e8-8818-2dc525df0782"	"W1496"
"09d42323-d1a7-46a8-9632-3940153a0527"	"W1497"
"fab80fd1-cecb-4136-893f-7ead6a68e0d4"	"W1498"
"b98c8ac0-0bd2-41da-b563-3dfddee920af"	"W1499"
"2f2395bf-4fc4-46f3-8fb7-1709cfdbb778"	"W1500"
"58af955e-a032-411c-872c-76714e8a1365"	"W1501"
"0e08f6b9-5907-45a8-9e2d-84cb18c131c2"	"W1502"
"2adcf82a-b81f-49d9-847a-d8d21077d563"	"W1503"
"7117eb39-7ae0-45cc-9110-149fdf95429d"	"W1504"
"ed3eeafe-02ad-4259-aa27-700063f03cda"	"W1505"
"7f1c18c1-0463-473e-8d43-325f7ca2cd01"	"W1506"
"5309c5d9-a292-470a-8b98-6b686d0adb9a"	"W1507"
"4b113700-ae5a-411a-99bf-24e331b96fae"	"W1508"
"5ad02bc8-6865-4f18-8da1-bc16cc1ff53a"	"W1509"
"e1b4e44a-7847-4388-8934-cb3d485997cc"	"W1510"
"5900f185-0bae-4ad9-9e66-9ec9e6ad59db"	"W1511"
"9087be85-a4f2-431f-8482-fff6f14aafb6"	"W1512"
"cd7fc23f-1202-425b-a0f0-46b9c136ea6d"	"W1513"
"c6df00c2-144a-40f4-b8d3-bf62fe820125"	"W1514"
"39ebef61-f897-429e-8a7b-e70e165dc0fd"	"W1515"
"f4043d91-e49f-4094-b561-f66ae1b28363"	"W1516"
"710c55ad-b201-429f-bde0-cc984ba28f3c"	"W1517"
"42f37081-f625-4055-9040-cba957d3e5cc"	"W1518"
"f236a467-9a73-4315-a728-6c7b4713dc11"	"W1519"
"94ef326c-5003-4809-a375-5377a1b23912"	"W1520"
"b2f59f30-b846-457b-86dc-5efed5b5ca8b"	"W1521"
"346cd546-d0dd-4b52-b69b-cc99ce07f5bc"	"W1522"
"e1b28363-e3fd-45bc-b787-a8cd371e1f83"	"W1523"
"c3e2654e-6e73-4e59-b436-076b70a90445"	"W1524"
"4b9c35ce-f485-4b0a-9c2b-06dc337d98e7"	"W1525"
"874183fd-515b-4612-bbbe-6fe723d296ac"	"W1526"
"bbbbac81-485a-4d29-8899-77cd30e7b5e9"	"W1527"
"87d25e09-c2f3-4041-af0a-112262408837"	"W1528"
"1dfb0a75-b605-47a0-a51a-e7b5ac15848d"	"W1529"
"46307e7b-c5a4-4a50-9e16-b658276cb833"	"W1530"
"f06038eb-3c91-4b31-980e-1924d5bbcb4c"	"W1531"
"8a03dc36-4164-452c-a99e-28bf3bdb76d0"	"W1532"
"6320f9cf-37e8-4e76-8169-7eb85eec57f5"	"W1533"
"5e60f99c-44f2-4de4-bfb4-12c562e4cef7"	"W1534"
"5a6f2cfd-536a-4cc8-8aa8-20fe4210742f"	"W1535"
"057db8d0-8d14-416b-9d3f-d4c838b81494"	"W1536"
"215f8767-91d4-4d48-bdf2-ba77e1579a85"	"W1537"
"27ec684f-01e1-47c4-9718-6b015c95302b"	"W1538"
"89d21631-aa64-4d5f-ab7e-f78d9f23b935"	"W1539"
"a6f9cfe8-9fa6-494b-803e-8d6b4dc4160b"	"W1540"
"9d33c2cf-ab37-49ea-b517-a769045c80a6"	"W1541"
"02f5e65c-cd07-4498-80fd-7143d2bb980b"	"W1542"
"7082baa9-556f-43f9-9dfb-d1284948846e"	"W1543"
"ed8e215f-ae29-4f22-b05c-9de30ce1b7cf"	"W1544"
"f9f58211-5cf9-425d-8946-3d7f61fb79a7"	"W1545"
"c88fea1e-9a6b-46e8-bd5f-2d05982f3c5c"	"W1546"
"f62e5585-f7c9-4455-9069-141ace531542"	"W1547"
"9a536e87-89e1-4da5-bcdf-44403af23d6c"	"W1548"
"883f440c-657f-4fbe-b3d3-0b46330acb2c"	"W1549"
"e53b648a-64e3-47d5-9d1a-989808cd1c9b"	"W1550"
"d3e7f09b-8fa0-45a8-9932-a3c379a79c98"	"W1551"
"e552ee90-5269-4c6c-9c1a-10eea6d45709"	"W1552"
"7de9f8c1-5017-44c5-a96b-7decc0d9dc48"	"W1553"
"7790d3cc-5ae6-4de4-b634-a7e5657c3598"	"W1554"
"b486f55d-b7d1-48cb-86c6-a39e63eb375f"	"W1555"
"d9107e8e-bfdd-4a25-bd66-25e8148ea031"	"W1556"
"6ea4f216-52f5-4fb6-89ec-504c675cd115"	"W1557"
"ba6a1af6-09c1-4b3d-b167-51f2eace89e0"	"W1558"
"aed6d4b7-c266-450e-91ab-c73e2a1b435b"	"W1559"
"b853942e-f414-4130-b87b-14d5a93ec968"	"W1560"
"b03b194b-0a70-417f-a3bc-094d738c8304"	"W1561"
"ed8d8c1b-ddde-476b-85ec-d389ff561d5c"	"W1562"
"50809040-43d8-4773-b85f-7df2a3ef96dc"	"W1563"
"dfdad74f-a625-4f37-a2a7-4cbde42c60d9"	"W1564"
"7eb3d072-f127-4be1-9172-848949868502"	"W1565"
"7d655277-c35b-4b12-85f4-78b5d71bd1ec"	"W1566"
"67709822-d803-4af7-85d3-0ef1c99779dc"	"W1567"
"9f218a01-2ec0-4145-8176-4b6be8bdfac0"	"W1568"
"6c11abdd-49da-4095-9f4e-0fa4482615c8"	"W1569"
"37b5e62c-91d2-4623-ae63-c343b1833791"	"W1570"
"5cfe472f-0bdb-4e79-849d-dab7761da418"	"W1571"
"c2a91cf0-3de4-498a-8404-4f5d7ade95d4"	"W1572"
"353944e5-0084-43dd-a0f3-fabdd85b2536"	"W1573"
"759027eb-b44d-404d-b661-8e398f0bccfd"	"W1574"
"f12b3e42-3ab6-4875-b8b8-a8c42ef4c5b8"	"W1575"
"f4576794-68ce-4b9a-b620-3e3b32829a80"	"W1576"
"1dfe5623-d8f2-487e-97a5-dbabc4c74d87"	"W1577"
"5b7a0fcf-7848-4e07-80c4-0911c22bde07"	"W1578"
"7468448c-f046-4ce2-a31b-530000aef4ca"	"W1579"
"92f4259c-11ee-47fe-991f-407640608a77"	"W1580"
"82fa3d7b-d04a-427d-87de-6e4e23b30d3f"	"W1581"
"57dd4772-b8bd-488b-a78e-a21329946f3d"	"W1582"
"33635b39-c02e-424e-a2f7-1ad851635817"	"W1583"
"d19dadd4-569c-4e59-8606-d03f5db95f6d"	"W1584"
"ac37455e-fc7f-4443-a9ec-9562a322ab94"	"W1585"
"f430dc0c-ea6e-4a0a-800f-e91f2a51a176"	"W1586"
"3d9e7e14-7aa7-43ef-ac6c-c13de3b78639"	"W1587"
"15943ca9-6feb-4b37-b579-b97a0779e482"	"W1588"
"e59177af-c094-4551-89db-0fcef6b6a7c1"	"W1589"
"f8b8e059-a91f-4f19-af29-0308295fe396"	"W1590"
"07127c5a-e585-41d2-8e84-37d060b0e19f"	"W1591"
"bfa3a0e4-f5e0-4e60-99a8-9ab07528cc75"	"W1592"
"4d9055d6-4d30-4ec4-bf4b-73cfafc5d87a"	"W1593"
"43774b8c-80fb-4904-b18c-7644613a39b0"	"W1594"
"4eabbc50-0cd7-41cd-a942-0b2f9fb96350"	"W1595"
"c8161eef-6583-4126-882e-776a5b8a5dd5"	"W1596"
"422ab969-84f1-4bec-8bf7-e95b2765ca45"	"W1597"
"7a1b172d-8e02-421a-9959-c7df25f3cef0"	"W1598"
"d49ebe76-c078-44d7-9c29-ea0a7247d951"	"W1599"
"f8c653eb-b774-4238-b568-8cb78fb8bcc9"	"W1600"
"efa14931-d326-4ebc-a0ed-f6fc74ac74d3"	"W1601"
"d81a243a-c3e2-4cf5-a7fd-c51a94909c6f"	"W1602"
"27dae979-b324-4897-8b35-1ae39a6b94dd"	"W1603"
"feb21cc4-6d95-43bd-a614-07c5daabbb0d"	"W1604"
"ff7ec46c-0344-487d-bd55-4baf0a7f1888"	"W1605"
"ea1b3c05-2c25-4362-9951-9af757f2f01e"	"W1606"
"15a1e04f-6116-42e8-b2fb-21848b451093"	"W1607"
"efba433a-9787-4659-8356-6948b0788964"	"W1608"
"d630736b-e1f5-4938-aca3-fade9ff0a2ac"	"W1609"
"2047a857-bb99-445d-bdcd-87abcf622bc6"	"W1610"
"ee878af3-0ff3-498f-85d7-da1b83190301"	"W1611"
"3ce0d674-bdde-47a1-bfe0-e71cdefc45cd"	"W1612"
"52226c7e-c4a3-437c-9bf1-e684c6a1e441"	"W1613"
"f2f00709-a8b8-40aa-b292-986b01814e31"	"W1614"
"cac9401d-c846-481a-bc0e-094329d7f1f5"	"W1615"
"34861c15-7931-4424-bd90-f47e059e8fe0"	"W1616"
"ced13515-755c-48d7-a3d9-c3c5bfa76588"	"W1617"
"f2052433-658d-4937-8a23-ac6e89fbda2f"	"W1618"
"76b51089-5b2d-4c97-b8a2-ba42023b3a74"	"W1619"
"8d5f904a-cfd3-494f-b4b7-8317d4e26074"	"W1620"
"82eca8a5-9b84-4ebd-8cfe-b3fa720b1a28"	"W1621"
"4d181fd9-4a26-4ab3-9ee8-aed27b88f525"	"W1622"
"18e88f34-7fba-4473-a382-033eb182cd1c"	"W1623"
"871ddfe9-bde4-479f-bc10-ae4cf26473c9"	"W1624"
"851c09e6-68d7-49f6-aac8-54be266e9bfa"	"W1625"
"a4f94926-0131-49c1-9c27-f98fa8f3f5e3"	"W1626"
"6cd69146-3025-4453-99bd-f526aa19225a"	"W1627"
"ae3f0e97-793a-4343-b1b7-89373fbfd2d4"	"W1628"
"25f6eb4e-8b0f-4af6-9106-af2b5bb02d51"	"W1629"
"af6b6903-3c06-410f-962e-0dcd53810276"	"W1630"
"060bf75b-fdf9-41dc-9535-77b1bc6ab70b"	"W1631"
"925e775f-7d8c-471a-a326-dd86b4a389bf"	"W1632"
"97ef95cd-abb6-4291-8161-7e398c83bd83"	"W1633"
"480650c1-b53f-4353-a8ef-508a911fda60"	"W1634"
"8d9e36bc-e8e0-4807-a6d2-f9ba4e126456"	"W1635"
"a21a09c2-30b7-490f-bba1-70753b47340a"	"W1636"
"3a54bde1-e18e-4807-bb17-4efc9caa47b2"	"W1637"
"158d5188-1667-46e8-b74a-82ed5163d4ed"	"W1638"
"35b33db8-a7a6-49db-8799-ef0a5c6271a3"	"W1639"
"081636d9-0137-49cb-84e9-2ae96196c4cb"	"W1640"
"0c7e657b-7cd7-4da2-a765-7c15ee60e737"	"W1641"
"fc9264be-5426-4108-b2ba-0c4df2593ee0"	"W1642"
"327fa43b-4346-44ec-952c-3f9dd636c484"	"W1643"
"6e61b3e0-9285-41a0-b601-f7875bfc490b"	"W1644"
"d3db1879-7f32-45b4-a47c-0b91ed5acbda"	"W1645"
"5d52eeeb-cece-4edd-bf21-ed2cb7711a66"	"W1646"
"677aa071-0c67-40ac-b07a-bf8c1d88189b"	"W1647"
"a5e9c24a-b7c1-49e8-be19-a68a36a8d7ca"	"W1648"
"d13dbe0b-7129-4f4b-b145-a7d06fa7f223"	"W1649"
"2ea509c6-0a1d-4955-b2dd-f575c82eb392"	"W1650"
"6b9c1c65-fafb-4d03-9138-477c45553480"	"W1651"
"300750a0-6248-4b79-b698-8a598290a9f0"	"W1652"
"a391cfaa-50e7-47e3-b4a5-40b311a0095e"	"W1653"
"93f09eb0-a0e6-450a-bfdb-c9cc551793df"	"W1654"
"d85f0138-6b77-4c69-a5b9-3a257441b375"	"W1655"
"178b9d01-2448-4931-b736-cc129e106058"	"W1656"
"d94e9c76-a3a9-4d04-8c61-929277d533cf"	"W1657"
"5e0ff25c-a09c-4346-a58e-46bbd3b9de04"	"W1658"
"d4f9ef36-0b58-4e8d-9945-1749a901721b"	"W1659"
"ace724fb-5dc1-431a-8b93-212140b56593"	"W1660"
"980b5be0-3f79-4cea-bbf2-ad6e8da827a9"	"W1661"
"34286fee-b59f-4672-838a-7b28494c7fd1"	"W1662"
"d88f32db-b8b9-4127-885c-bc4852b62b61"	"W1663"
"9298aa65-7da0-42e6-82c0-bccbccb299c4"	"W1664"
"80fa8201-6a49-4ff3-8ece-dc759cea32a7"	"W1665"
"e8d02705-5b80-434a-9d34-2203b54a3808"	"W1666"
"6f37699a-736f-4747-9dc2-a85cc9b023c3"	"W1667"
"c2e15760-3b83-419a-b299-84ae7d2bbb8d"	"W1668"
"4df36f9f-bb77-4cc8-b1a6-5f256166553b"	"W1669"
"6a8780da-dda7-4c84-b199-1b4204a0e0f2"	"W1670"
"17a65322-a3b6-46c0-98d6-e2d25791de29"	"W1671"
"24515ff9-8e39-4e0d-89f2-effa5fb9c6d4"	"W1672"
"50ba9244-112b-420e-aa3b-cc69bda1f33d"	"W1673"
"5249febf-c2d7-43bf-9b70-2ed88628be72"	"W1674"
"cbda1f0c-56ae-4d71-9cd4-e8a6479e9a8b"	"W1675"
"02144cd4-4b00-486b-88b6-2997783749fa"	"W1676"
"0efddccc-d557-4f99-ae83-8cd2de206873"	"W1677"
"078785ee-5e8f-4eaf-b08d-6c596cc8902c"	"W1678"
"3750c68b-d013-4419-8d5b-c1eb0af871d6"	"W1679"
"1b03bbd0-9d0b-4800-8013-5a0fb92bf7ce"	"W1680"
"68a911c1-e7f9-4936-affb-7868169c60f0"	"W1681"
"ef82244b-aeed-4383-b393-901536d6f50d"	"W1682"
"1e3a78d1-1d7a-428f-b793-fe644f11a602"	"W1683"
"33441022-7a6a-408d-8461-c6dc8db0f451"	"W1684"
"6371fec2-cff7-4964-aa62-87ed04f23f22"	"W1685"
"187398cc-753d-4ab0-96ae-f1495483053c"	"W1686"
"245b042b-bd26-4014-ad43-f31a2423adf0"	"W1687"
"a799c075-20d3-41d8-809b-e2bd7ae9fd3d"	"W1688"
"46a9eb71-6b18-4668-88d6-2cdf9d7bde49"	"W1689"
"c6834e88-6ae0-4df0-8678-97e2eb913421"	"W1690"
"62d3610b-5f84-494f-92d1-5733b3c74c8b"	"W1691"
"b45064c4-6683-4b8c-8724-4e66b2a574bc"	"W1692"
"3779b6a5-0ed5-4e8c-a54c-3bc67d3eaa10"	"W1693"
"39eb49bc-d5b0-4150-9a3e-a8296b90bc4b"	"W1694"
"2a3c6b99-60e5-4ae8-8889-455362217ce3"	"W1695"
"c5dd268e-dc9b-4476-82b7-136a93ffb94d"	"W1696"
"9856cd03-66fc-4c7e-81d0-9348d21c6a99"	"W1697"
"bb434a37-359d-4e76-9468-a2addf3a7bab"	"W1698"
"848854f1-743c-4aa3-a002-fc789a6c5698"	"W1699"
"c4db3639-87a5-4a99-8234-2100874d4e3d"	"W1700"
"c2e5eb42-2236-4232-828f-af4656353214"	"W1701"
"d036b156-9aba-4e05-9ac2-059359af08ca"	"W1702"
"aaf61038-569e-4797-b239-fd07c5f7dccd"	"W1703"
"218e5eb9-4085-495f-92cb-8f35b8122d67"	"W1704"
"fbb615c0-c455-4ba1-b523-693ff751d3ba"	"W1705"
"fd758cc2-4cb6-422e-87a1-fc021aa4d4ad"	"W1706"
"8b773302-7c63-4aba-b4f9-67f129be5593"	"W1707"
"d926bc4f-61ff-469f-9df8-016a576d600f"	"W1708"
"5837cf7c-7ab1-43ae-a944-f86c35a0207b"	"W1709"
"a38c7315-570d-4984-a756-1dbe5dc20f9f"	"W1710"
"fef7a187-618b-4b6d-9916-b83021d2bdbc"	"W1711"
"9b00dd10-8a09-46d6-8619-1a20cbac04a7"	"W1712"
"df02d57e-1587-4b33-b5cf-55027909f538"	"W1713"
"fc5ced81-c0b4-4963-8c5f-de6e488430b9"	"W1714"
"d81af026-0543-4a7c-a5a9-f1ee46ae1168"	"W1715"
"9e42e231-e3aa-43ce-8402-d10274df9cea"	"W1716"
"777fa0c7-b8c9-4fa4-bf63-134f7c6d6d87"	"W1717"
"e4300542-d45a-4523-8520-1fad94317dce"	"W1718"
"19dd7760-e705-4738-8c08-85d536d00f49"	"W1719"
"9e799745-ec56-4881-ba3c-5c83766581ae"	"W1720"
"8de6fe6a-3b9d-4a35-8ff7-8a8b6db9a7d5"	"W1721"
"4c2148de-7533-497c-b214-f6974c5676e7"	"W1722"
"1dbfec0a-7f3b-41b3-8133-524ee6bc79e4"	"W1723"
"e6e95971-cfa4-470a-82d5-15e48ef18b12"	"W1724"
"29055199-c1ad-4a05-ab3f-f5515982d1a3"	"W1725"
"78e2bb57-aeba-45c7-8a86-7b27f95455c2"	"W1726"
"40cc472b-21b1-451d-93ea-2f4daeb8d013"	"W1727"
"d4f66614-2679-497f-a744-1f9df35ed36c"	"W1728"
"9588a432-82f5-4b5c-8afe-65c58f83d2b4"	"W1729"
"6caae9e6-6213-4bb3-82d1-9933d3671ce5"	"W1730"
"4989d2f1-ee03-4320-81dd-efb770f7b0d1"	"W1731"
"9026eb8c-3bf3-4cd4-baa3-093117f82908"	"W1732"
"535e6215-f958-4180-8d93-516c32f1b389"	"W1733"
"b94dba00-e9c5-40f8-a4b8-14a4f7f7d9fb"	"W1734"
"6f65a16e-5116-4f3c-b40f-b1aaa43acd67"	"W1735"
"82d8b451-2604-4238-9ced-0d3eaeea0a64"	"W1736"
"676a1252-8e99-4df0-9ab8-b440281610e6"	"W1737"
"97964c51-4a8f-44da-8aa9-c70342abc0d9"	"W1738"
"b5ed074d-365b-41e5-9d96-7b3ff4ec1579"	"W1739"
"e574a400-e570-4593-b01f-dc5406d32259"	"W1740"
"38c35ffa-c4a6-4f07-8f00-733089735a16"	"W1741"
"38c49af3-1ed4-4e2b-813f-a99560cab5e4"	"W1742"
"9f1e889c-eea4-4ff6-b8de-93cf5d7272a5"	"W1743"
"b13b035f-9789-4107-ab75-914651ad06f0"	"W1744"
"8ec962ba-a32d-45be-bd5b-842b555e3a1f"	"W1745"
"7a6ddbed-1b38-4552-b03a-63284d9e7bb7"	"W1746"
"6260b535-4d2d-4917-b98d-9202057aa73a"	"W1747"
"114aafc2-99f8-43ce-8644-1d322f23f301"	"W1748"
"0d9b54d5-7bda-499f-b491-53b65c01892f"	"W1749"
"c3a99342-81af-4308-a661-a055281de426"	"W1750"
"b6ed8ade-9df6-4e41-9e1f-1ede712b5c3f"	"W1751"
"332f6314-aecf-4bbb-bcba-cb1dbf002748"	"W1752"
"d783fecd-3af5-44df-810a-5f41e9841f07"	"W1753"
"f2fb275a-dc2b-43a3-a71b-55e4e19dbd3c"	"W1754"
"48deff10-51bb-4153-a4c1-d5d519cf5a65"	"W1755"
"03bf3c76-327b-4daa-9854-c9ec50650ac0"	"W1756"
"0af3eae5-182b-4b1b-8fd9-4e988f96cfdc"	"W1757"
"d6c9e31b-9a66-495f-b114-ab8d5638b611"	"W1758"
"dff12b71-40ad-4355-a9f8-2af9e70c53d1"	"W1759"
"53a0b737-3158-4eaf-8abb-d70d6074992a"	"W1760"
"0aeb34f8-c49c-4a8e-813f-1641b4df9a2f"	"W1761"
"ad957afa-9247-4340-9d6a-791ca10436ae"	"W1762"
"72551b37-010f-4dcf-8355-368274191823"	"W1763"
"4c07c431-6ccd-40fb-ad3d-6964c514e9b5"	"W1764"
"e27a0515-ef76-4eed-95a9-514286b289f7"	"W1765"
"22bc3bfc-b18e-4422-b3da-0943a43d32aa"	"W1766"
"8fd4e043-1bc4-4ce7-a445-c6e8d90fd195"	"W1767"
"f8d87dc4-473e-4848-b49c-52a5aeef574e"	"W1768"
"24636b04-6f18-4b4a-ae12-25c00d4ececa"	"W1769"
"682a41a2-bb2a-4499-8ba4-d76993b9e571"	"W1770"
"8c03b364-9724-4b64-b7b3-873485b9f50c"	"W1771"
"54593f1d-096c-4ae1-8617-afc7f293532b"	"W1772"
"82717974-14e3-46e5-889f-56be00f4dd56"	"W1773"
"b003dc5c-ed71-4271-8bf6-37c77d2f3390"	"W1774"
"023fb0fb-ed63-4ee8-9284-e8989cbecb6c"	"W1775"
"7ad0b3ac-6f58-46b8-8abd-567145ecb01b"	"W1776"
"d8ad2067-b435-4f87-8504-46d452365cef"	"W1777"
"f6e0ad37-fe47-4451-9bd0-3a0b967cc584"	"W1778"
"973b5290-b77d-4196-b322-125a593a70c5"	"W1779"
"9871721e-2aec-4cfc-8ccd-af86866b23ab"	"W1780"
"08401170-8cce-40a5-86cd-28d78ca52f51"	"W1781"
"1e9a9aa2-0e80-416d-aeb4-48b020ccb041"	"W1782"
"2a120b7b-7510-4ccd-92d6-cbaeb7268dc1"	"W1783"
"cea8a346-fddc-453a-aff8-94bcf93e733e"	"W1784"
"d60980d0-0fdd-4608-b228-030ea5d5414e"	"W1785"
"7d41f02e-0c49-417c-a38c-f225b0520cc9"	"W1786"
"88b9e34a-1dec-4dc6-97d1-09a365c463a7"	"W1787"
"3dc03f2b-7e1a-41e4-a80f-92af2863b4e8"	"W1788"
"b4b660a2-be43-411f-9648-d1aadad9635a"	"W1789"
"d6756dea-66db-4ca0-a9e3-e09c71d20c06"	"W1790"
"86310c4a-9358-42ec-ab2d-d98606e631e1"	"W1791"
"03228669-8a42-4cd8-9351-de06e3c64777"	"W1792"
"dd067944-a2e3-4993-994b-babe582ff9a0"	"W1793"
"47f042bc-58de-423f-8b2b-940cacc12735"	"W1794"
"22b7299d-0d4d-416f-9256-59dc40d8b54e"	"W1795"
"75dd9952-9a47-4af0-b7af-f018ae415f31"	"W1796"
"242e34c6-ae19-4721-af81-5188e1d46385"	"W1797"
"08345b9f-b680-43c5-a6b4-d623e3cbd280"	"W1798"
"05d20cf4-3a05-41eb-94e8-aa4a7eedc3c1"	"W1799"
"2dc53d77-7b99-41ff-8a86-bcaa02ecbd9e"	"W1800"
"60b274a8-3ba3-45fc-8951-5d4963230917"	"W1801"
"93899422-d110-4071-959f-46607546cac4"	"W1802"
"aa73edb9-cf76-4e7e-bd5c-680aaf92358c"	"W1803"
"336260c9-2046-4167-be68-9e9c08f01345"	"W1804"
"fd76b032-1393-4e54-a4b5-1e0ba938d221"	"W1805"
